Sep 02 2026 10:14:58
{"type":8192,"message":"Return type of Ai1wm_Recursive_Newline_Filter::accept() should either be compatible with FilterIterator::accept(): bool, or the #[\\ReturnTypeWillChange] attribute should be used to temporarily suppress the notice","file":"C:\\xampp\\htdocs\\diormedical\\wp-content\\plugins\\All-In-One-WP-Migration-Pro-master\\lib\\vendor\\servmask\\filter\\class-ai1wm-recursive-newline-filter.php","line":28}

Sep 02 2026 10:14:58
{"type":8192,"message":"Return type of Ai1wm_Recursive_Newline_Filter::accept() should either be compatible with FilterIterator::accept(): bool, or the #[\\ReturnTypeWillChange] attribute should be used to temporarily suppress the notice","file":"C:\\xampp\\htdocs\\diormedical\\wp-content\\plugins\\All-In-One-WP-Migration-Pro-master\\lib\\vendor\\servmask\\filter\\class-ai1wm-recursive-newline-filter.php","line":28}

Sep 02 2026 10:15:00
{"type":8192,"message":"Return type of Ai1wm_Recursive_Newline_Filter::accept() should either be compatible with FilterIterator::accept(): bool, or the #[\\ReturnTypeWillChange] attribute should be used to temporarily suppress the notice","file":"C:\\xampp\\htdocs\\diormedical\\wp-content\\plugins\\All-In-One-WP-Migration-Pro-master\\lib\\vendor\\servmask\\filter\\class-ai1wm-recursive-newline-filter.php","line":28}

Sep 02 2026 10:15:00
{"type":8192,"message":"Return type of Ai1wm_Recursive_Newline_Filter::accept() should either be compatible with FilterIterator::accept(): bool, or the #[\\ReturnTypeWillChange] attribute should be used to temporarily suppress the notice","file":"C:\\xampp\\htdocs\\diormedical\\wp-content\\plugins\\All-In-One-WP-Migration-Pro-master\\lib\\vendor\\servmask\\filter\\class-ai1wm-recursive-newline-filter.php","line":28}

Sep 02 2026 10:15:01
{"type":8192,"message":"Return type of Ai1wm_Recursive_Newline_Filter::accept() should either be compatible with FilterIterator::accept(): bool, or the #[\\ReturnTypeWillChange] attribute should be used to temporarily suppress the notice","file":"C:\\xampp\\htdocs\\diormedical\\wp-content\\plugins\\All-In-One-WP-Migration-Pro-master\\lib\\vendor\\servmask\\filter\\class-ai1wm-recursive-newline-filter.php","line":28}

Sep 02 2026 10:15:01
{"type":8192,"message":"Return type of Ai1wm_Recursive_Newline_Filter::accept() should either be compatible with FilterIterator::accept(): bool, or the #[\\ReturnTypeWillChange] attribute should be used to temporarily suppress the notice","file":"C:\\xampp\\htdocs\\diormedical\\wp-content\\plugins\\All-In-One-WP-Migration-Pro-master\\lib\\vendor\\servmask\\filter\\class-ai1wm-recursive-newline-filter.php","line":28}

Sep 02 2026 10:15:02
{"type":8192,"message":"Return type of Ai1wm_Recursive_Newline_Filter::accept() should either be compatible with FilterIterator::accept(): bool, or the #[\\ReturnTypeWillChange] attribute should be used to temporarily suppress the notice","file":"C:\\xampp\\htdocs\\diormedical\\wp-content\\plugins\\All-In-One-WP-Migration-Pro-master\\lib\\vendor\\servmask\\filter\\class-ai1wm-recursive-newline-filter.php","line":28}

Sep 02 2026 10:15:02
{"type":8192,"message":"Return type of Ai1wm_Recursive_Newline_Filter::accept() should either be compatible with FilterIterator::accept(): bool, or the #[\\ReturnTypeWillChange] attribute should be used to temporarily suppress the notice","file":"C:\\xampp\\htdocs\\diormedical\\wp-content\\plugins\\All-In-One-WP-Migration-Pro-master\\lib\\vendor\\servmask\\filter\\class-ai1wm-recursive-newline-filter.php","line":28}

Sep 02 2026 10:15:03
{"type":8192,"message":"Return type of Ai1wm_Recursive_Newline_Filter::accept() should either be compatible with FilterIterator::accept(): bool, or the #[\\ReturnTypeWillChange] attribute should be used to temporarily suppress the notice","file":"C:\\xampp\\htdocs\\diormedical\\wp-content\\plugins\\All-In-One-WP-Migration-Pro-master\\lib\\vendor\\servmask\\filter\\class-ai1wm-recursive-newline-filter.php","line":28}

Sep 02 2026 10:15:03
{"type":8192,"message":"Return type of Ai1wm_Recursive_Newline_Filter::accept() should either be compatible with FilterIterator::accept(): bool, or the #[\\ReturnTypeWillChange] attribute should be used to temporarily suppress the notice","file":"C:\\xampp\\htdocs\\diormedical\\wp-content\\plugins\\All-In-One-WP-Migration-Pro-master\\lib\\vendor\\servmask\\filter\\class-ai1wm-recursive-newline-filter.php","line":28}

Sep 02 2026 10:15:03
{"type":8192,"message":"Return type of Ai1wm_Recursive_Newline_Filter::accept() should either be compatible with FilterIterator::accept(): bool, or the #[\\ReturnTypeWillChange] attribute should be used to temporarily suppress the notice","file":"C:\\xampp\\htdocs\\diormedical\\wp-content\\plugins\\All-In-One-WP-Migration-Pro-master\\lib\\vendor\\servmask\\filter\\class-ai1wm-recursive-newline-filter.php","line":28}

Sep 02 2026 10:15:04
{"type":8192,"message":"Return type of Ai1wm_Recursive_Newline_Filter::accept() should either be compatible with FilterIterator::accept(): bool, or the #[\\ReturnTypeWillChange] attribute should be used to temporarily suppress the notice","file":"C:\\xampp\\htdocs\\diormedical\\wp-content\\plugins\\All-In-One-WP-Migration-Pro-master\\lib\\vendor\\servmask\\filter\\class-ai1wm-recursive-newline-filter.php","line":28}

Sep 02 2026 10:15:04
{"type":8192,"message":"Return type of Ai1wm_Recursive_Newline_Filter::accept() should either be compatible with FilterIterator::accept(): bool, or the #[\\ReturnTypeWillChange] attribute should be used to temporarily suppress the notice","file":"C:\\xampp\\htdocs\\diormedical\\wp-content\\plugins\\All-In-One-WP-Migration-Pro-master\\lib\\vendor\\servmask\\filter\\class-ai1wm-recursive-newline-filter.php","line":28}

Sep 02 2026 10:15:05
{"type":8192,"message":"Return type of Ai1wm_Recursive_Newline_Filter::accept() should either be compatible with FilterIterator::accept(): bool, or the #[\\ReturnTypeWillChange] attribute should be used to temporarily suppress the notice","file":"C:\\xampp\\htdocs\\diormedical\\wp-content\\plugins\\All-In-One-WP-Migration-Pro-master\\lib\\vendor\\servmask\\filter\\class-ai1wm-recursive-newline-filter.php","line":28}

Sep 02 2026 10:15:05
{"type":8192,"message":"Return type of Ai1wm_Recursive_Newline_Filter::accept() should either be compatible with FilterIterator::accept(): bool, or the #[\\ReturnTypeWillChange] attribute should be used to temporarily suppress the notice","file":"C:\\xampp\\htdocs\\diormedical\\wp-content\\plugins\\All-In-One-WP-Migration-Pro-master\\lib\\vendor\\servmask\\filter\\class-ai1wm-recursive-newline-filter.php","line":28}

Sep 02 2026 10:15:05
{"type":8192,"message":"Return type of Ai1wm_Recursive_Newline_Filter::accept() should either be compatible with FilterIterator::accept(): bool, or the #[\\ReturnTypeWillChange] attribute should be used to temporarily suppress the notice","file":"C:\\xampp\\htdocs\\diormedical\\wp-content\\plugins\\All-In-One-WP-Migration-Pro-master\\lib\\vendor\\servmask\\filter\\class-ai1wm-recursive-newline-filter.php","line":28}

Sep 02 2026 10:15:06
{"type":8192,"message":"Return type of Ai1wm_Recursive_Newline_Filter::accept() should either be compatible with FilterIterator::accept(): bool, or the #[\\ReturnTypeWillChange] attribute should be used to temporarily suppress the notice","file":"C:\\xampp\\htdocs\\diormedical\\wp-content\\plugins\\All-In-One-WP-Migration-Pro-master\\lib\\vendor\\servmask\\filter\\class-ai1wm-recursive-newline-filter.php","line":28}

Sep 02 2026 10:15:06
{"type":8192,"message":"Return type of Ai1wm_Recursive_Newline_Filter::accept() should either be compatible with FilterIterator::accept(): bool, or the #[\\ReturnTypeWillChange] attribute should be used to temporarily suppress the notice","file":"C:\\xampp\\htdocs\\diormedical\\wp-content\\plugins\\All-In-One-WP-Migration-Pro-master\\lib\\vendor\\servmask\\filter\\class-ai1wm-recursive-newline-filter.php","line":28}

Sep 02 2026 10:15:07
{"type":8192,"message":"Return type of Ai1wm_Recursive_Newline_Filter::accept() should either be compatible with FilterIterator::accept(): bool, or the #[\\ReturnTypeWillChange] attribute should be used to temporarily suppress the notice","file":"C:\\xampp\\htdocs\\diormedical\\wp-content\\plugins\\All-In-One-WP-Migration-Pro-master\\lib\\vendor\\servmask\\filter\\class-ai1wm-recursive-newline-filter.php","line":28}

Sep 02 2026 10:15:07
{"type":8192,"message":"Return type of Ai1wm_Recursive_Newline_Filter::accept() should either be compatible with FilterIterator::accept(): bool, or the #[\\ReturnTypeWillChange] attribute should be used to temporarily suppress the notice","file":"C:\\xampp\\htdocs\\diormedical\\wp-content\\plugins\\All-In-One-WP-Migration-Pro-master\\lib\\vendor\\servmask\\filter\\class-ai1wm-recursive-newline-filter.php","line":28}

Sep 02 2026 10:15:07
{"type":8192,"message":"Return type of Ai1wm_Recursive_Newline_Filter::accept() should either be compatible with FilterIterator::accept(): bool, or the #[\\ReturnTypeWillChange] attribute should be used to temporarily suppress the notice","file":"C:\\xampp\\htdocs\\diormedical\\wp-content\\plugins\\All-In-One-WP-Migration-Pro-master\\lib\\vendor\\servmask\\filter\\class-ai1wm-recursive-newline-filter.php","line":28}

Sep 02 2026 10:15:08
{"type":8192,"message":"Return type of Ai1wm_Recursive_Newline_Filter::accept() should either be compatible with FilterIterator::accept(): bool, or the #[\\ReturnTypeWillChange] attribute should be used to temporarily suppress the notice","file":"C:\\xampp\\htdocs\\diormedical\\wp-content\\plugins\\All-In-One-WP-Migration-Pro-master\\lib\\vendor\\servmask\\filter\\class-ai1wm-recursive-newline-filter.php","line":28}

Sep 02 2026 10:15:08
{"type":8192,"message":"Return type of Ai1wm_Recursive_Newline_Filter::accept() should either be compatible with FilterIterator::accept(): bool, or the #[\\ReturnTypeWillChange] attribute should be used to temporarily suppress the notice","file":"C:\\xampp\\htdocs\\diormedical\\wp-content\\plugins\\All-In-One-WP-Migration-Pro-master\\lib\\vendor\\servmask\\filter\\class-ai1wm-recursive-newline-filter.php","line":28}

Sep 02 2026 10:15:09
{"type":8192,"message":"Return type of Ai1wm_Recursive_Newline_Filter::accept() should either be compatible with FilterIterator::accept(): bool, or the #[\\ReturnTypeWillChange] attribute should be used to temporarily suppress the notice","file":"C:\\xampp\\htdocs\\diormedical\\wp-content\\plugins\\All-In-One-WP-Migration-Pro-master\\lib\\vendor\\servmask\\filter\\class-ai1wm-recursive-newline-filter.php","line":28}

Sep 02 2026 10:15:09
{"type":8192,"message":"Return type of Ai1wm_Recursive_Newline_Filter::accept() should either be compatible with FilterIterator::accept(): bool, or the #[\\ReturnTypeWillChange] attribute should be used to temporarily suppress the notice","file":"C:\\xampp\\htdocs\\diormedical\\wp-content\\plugins\\All-In-One-WP-Migration-Pro-master\\lib\\vendor\\servmask\\filter\\class-ai1wm-recursive-newline-filter.php","line":28}

Sep 02 2026 10:15:09
{"type":8192,"message":"Return type of Ai1wm_Recursive_Newline_Filter::accept() should either be compatible with FilterIterator::accept(): bool, or the #[\\ReturnTypeWillChange] attribute should be used to temporarily suppress the notice","file":"C:\\xampp\\htdocs\\diormedical\\wp-content\\plugins\\All-In-One-WP-Migration-Pro-master\\lib\\vendor\\servmask\\filter\\class-ai1wm-recursive-newline-filter.php","line":28}

Sep 02 2026 10:15:10
{"type":8192,"message":"Return type of Ai1wm_Recursive_Newline_Filter::accept() should either be compatible with FilterIterator::accept(): bool, or the #[\\ReturnTypeWillChange] attribute should be used to temporarily suppress the notice","file":"C:\\xampp\\htdocs\\diormedical\\wp-content\\plugins\\All-In-One-WP-Migration-Pro-master\\lib\\vendor\\servmask\\filter\\class-ai1wm-recursive-newline-filter.php","line":28}

Sep 02 2026 10:15:10
{"type":8192,"message":"Return type of Ai1wm_Recursive_Newline_Filter::accept() should either be compatible with FilterIterator::accept(): bool, or the #[\\ReturnTypeWillChange] attribute should be used to temporarily suppress the notice","file":"C:\\xampp\\htdocs\\diormedical\\wp-content\\plugins\\All-In-One-WP-Migration-Pro-master\\lib\\vendor\\servmask\\filter\\class-ai1wm-recursive-newline-filter.php","line":28}

Sep 02 2026 10:15:10
{"type":8192,"message":"Return type of Ai1wm_Recursive_Newline_Filter::accept() should either be compatible with FilterIterator::accept(): bool, or the #[\\ReturnTypeWillChange] attribute should be used to temporarily suppress the notice","file":"C:\\xampp\\htdocs\\diormedical\\wp-content\\plugins\\All-In-One-WP-Migration-Pro-master\\lib\\vendor\\servmask\\filter\\class-ai1wm-recursive-newline-filter.php","line":28}

Sep 02 2026 10:15:11
{"type":8192,"message":"Return type of Ai1wm_Recursive_Newline_Filter::accept() should either be compatible with FilterIterator::accept(): bool, or the #[\\ReturnTypeWillChange] attribute should be used to temporarily suppress the notice","file":"C:\\xampp\\htdocs\\diormedical\\wp-content\\plugins\\All-In-One-WP-Migration-Pro-master\\lib\\vendor\\servmask\\filter\\class-ai1wm-recursive-newline-filter.php","line":28}

Sep 02 2026 10:15:11
{"type":8192,"message":"Return type of Ai1wm_Recursive_Newline_Filter::accept() should either be compatible with FilterIterator::accept(): bool, or the #[\\ReturnTypeWillChange] attribute should be used to temporarily suppress the notice","file":"C:\\xampp\\htdocs\\diormedical\\wp-content\\plugins\\All-In-One-WP-Migration-Pro-master\\lib\\vendor\\servmask\\filter\\class-ai1wm-recursive-newline-filter.php","line":28}

Sep 02 2026 10:15:12
{"type":8192,"message":"Return type of Ai1wm_Recursive_Newline_Filter::accept() should either be compatible with FilterIterator::accept(): bool, or the #[\\ReturnTypeWillChange] attribute should be used to temporarily suppress the notice","file":"C:\\xampp\\htdocs\\diormedical\\wp-content\\plugins\\All-In-One-WP-Migration-Pro-master\\lib\\vendor\\servmask\\filter\\class-ai1wm-recursive-newline-filter.php","line":28}

Sep 02 2026 10:15:12
{"type":8192,"message":"Return type of Ai1wm_Recursive_Newline_Filter::accept() should either be compatible with FilterIterator::accept(): bool, or the #[\\ReturnTypeWillChange] attribute should be used to temporarily suppress the notice","file":"C:\\xampp\\htdocs\\diormedical\\wp-content\\plugins\\All-In-One-WP-Migration-Pro-master\\lib\\vendor\\servmask\\filter\\class-ai1wm-recursive-newline-filter.php","line":28}

Sep 02 2026 10:15:12
{"type":8192,"message":"Return type of Ai1wm_Recursive_Newline_Filter::accept() should either be compatible with FilterIterator::accept(): bool, or the #[\\ReturnTypeWillChange] attribute should be used to temporarily suppress the notice","file":"C:\\xampp\\htdocs\\diormedical\\wp-content\\plugins\\All-In-One-WP-Migration-Pro-master\\lib\\vendor\\servmask\\filter\\class-ai1wm-recursive-newline-filter.php","line":28}

Sep 02 2026 10:15:13
{"type":8192,"message":"Return type of Ai1wm_Recursive_Newline_Filter::accept() should either be compatible with FilterIterator::accept(): bool, or the #[\\ReturnTypeWillChange] attribute should be used to temporarily suppress the notice","file":"C:\\xampp\\htdocs\\diormedical\\wp-content\\plugins\\All-In-One-WP-Migration-Pro-master\\lib\\vendor\\servmask\\filter\\class-ai1wm-recursive-newline-filter.php","line":28}

Sep 02 2026 10:15:13
{"type":8192,"message":"Return type of Ai1wm_Recursive_Newline_Filter::accept() should either be compatible with FilterIterator::accept(): bool, or the #[\\ReturnTypeWillChange] attribute should be used to temporarily suppress the notice","file":"C:\\xampp\\htdocs\\diormedical\\wp-content\\plugins\\All-In-One-WP-Migration-Pro-master\\lib\\vendor\\servmask\\filter\\class-ai1wm-recursive-newline-filter.php","line":28}

Sep 02 2026 10:15:14
{"type":8192,"message":"Return type of Ai1wm_Recursive_Newline_Filter::accept() should either be compatible with FilterIterator::accept(): bool, or the #[\\ReturnTypeWillChange] attribute should be used to temporarily suppress the notice","file":"C:\\xampp\\htdocs\\diormedical\\wp-content\\plugins\\All-In-One-WP-Migration-Pro-master\\lib\\vendor\\servmask\\filter\\class-ai1wm-recursive-newline-filter.php","line":28}

Sep 02 2026 10:15:14
{"type":8192,"message":"Return type of Ai1wm_Recursive_Newline_Filter::accept() should either be compatible with FilterIterator::accept(): bool, or the #[\\ReturnTypeWillChange] attribute should be used to temporarily suppress the notice","file":"C:\\xampp\\htdocs\\diormedical\\wp-content\\plugins\\All-In-One-WP-Migration-Pro-master\\lib\\vendor\\servmask\\filter\\class-ai1wm-recursive-newline-filter.php","line":28}

Sep 02 2026 10:15:14
{"type":8192,"message":"Return type of Ai1wm_Recursive_Newline_Filter::accept() should either be compatible with FilterIterator::accept(): bool, or the #[\\ReturnTypeWillChange] attribute should be used to temporarily suppress the notice","file":"C:\\xampp\\htdocs\\diormedical\\wp-content\\plugins\\All-In-One-WP-Migration-Pro-master\\lib\\vendor\\servmask\\filter\\class-ai1wm-recursive-newline-filter.php","line":28}

Sep 02 2026 10:15:15
{"type":8192,"message":"Return type of Ai1wm_Recursive_Newline_Filter::accept() should either be compatible with FilterIterator::accept(): bool, or the #[\\ReturnTypeWillChange] attribute should be used to temporarily suppress the notice","file":"C:\\xampp\\htdocs\\diormedical\\wp-content\\plugins\\All-In-One-WP-Migration-Pro-master\\lib\\vendor\\servmask\\filter\\class-ai1wm-recursive-newline-filter.php","line":28}

Sep 02 2026 10:15:15
{"type":8192,"message":"Return type of Ai1wm_Recursive_Newline_Filter::accept() should either be compatible with FilterIterator::accept(): bool, or the #[\\ReturnTypeWillChange] attribute should be used to temporarily suppress the notice","file":"C:\\xampp\\htdocs\\diormedical\\wp-content\\plugins\\All-In-One-WP-Migration-Pro-master\\lib\\vendor\\servmask\\filter\\class-ai1wm-recursive-newline-filter.php","line":28}

Sep 02 2026 10:15:16
{"type":8192,"message":"Return type of Ai1wm_Recursive_Newline_Filter::accept() should either be compatible with FilterIterator::accept(): bool, or the #[\\ReturnTypeWillChange] attribute should be used to temporarily suppress the notice","file":"C:\\xampp\\htdocs\\diormedical\\wp-content\\plugins\\All-In-One-WP-Migration-Pro-master\\lib\\vendor\\servmask\\filter\\class-ai1wm-recursive-newline-filter.php","line":28}

Sep 02 2026 10:15:16
{"type":8192,"message":"Return type of Ai1wm_Recursive_Newline_Filter::accept() should either be compatible with FilterIterator::accept(): bool, or the #[\\ReturnTypeWillChange] attribute should be used to temporarily suppress the notice","file":"C:\\xampp\\htdocs\\diormedical\\wp-content\\plugins\\All-In-One-WP-Migration-Pro-master\\lib\\vendor\\servmask\\filter\\class-ai1wm-recursive-newline-filter.php","line":28}

Sep 02 2026 10:15:16
{"type":8192,"message":"Return type of Ai1wm_Recursive_Newline_Filter::accept() should either be compatible with FilterIterator::accept(): bool, or the #[\\ReturnTypeWillChange] attribute should be used to temporarily suppress the notice","file":"C:\\xampp\\htdocs\\diormedical\\wp-content\\plugins\\All-In-One-WP-Migration-Pro-master\\lib\\vendor\\servmask\\filter\\class-ai1wm-recursive-newline-filter.php","line":28}

Sep 02 2026 10:15:17
{"type":8192,"message":"Return type of Ai1wm_Recursive_Newline_Filter::accept() should either be compatible with FilterIterator::accept(): bool, or the #[\\ReturnTypeWillChange] attribute should be used to temporarily suppress the notice","file":"C:\\xampp\\htdocs\\diormedical\\wp-content\\plugins\\All-In-One-WP-Migration-Pro-master\\lib\\vendor\\servmask\\filter\\class-ai1wm-recursive-newline-filter.php","line":28}

Sep 02 2026 10:15:17
{"type":8192,"message":"Return type of Ai1wm_Recursive_Newline_Filter::accept() should either be compatible with FilterIterator::accept(): bool, or the #[\\ReturnTypeWillChange] attribute should be used to temporarily suppress the notice","file":"C:\\xampp\\htdocs\\diormedical\\wp-content\\plugins\\All-In-One-WP-Migration-Pro-master\\lib\\vendor\\servmask\\filter\\class-ai1wm-recursive-newline-filter.php","line":28}

Sep 02 2026 10:15:18
{"type":8192,"message":"Return type of Ai1wm_Recursive_Newline_Filter::accept() should either be compatible with FilterIterator::accept(): bool, or the #[\\ReturnTypeWillChange] attribute should be used to temporarily suppress the notice","file":"C:\\xampp\\htdocs\\diormedical\\wp-content\\plugins\\All-In-One-WP-Migration-Pro-master\\lib\\vendor\\servmask\\filter\\class-ai1wm-recursive-newline-filter.php","line":28}

Sep 02 2026 10:15:18
{"type":8192,"message":"Return type of Ai1wm_Recursive_Newline_Filter::accept() should either be compatible with FilterIterator::accept(): bool, or the #[\\ReturnTypeWillChange] attribute should be used to temporarily suppress the notice","file":"C:\\xampp\\htdocs\\diormedical\\wp-content\\plugins\\All-In-One-WP-Migration-Pro-master\\lib\\vendor\\servmask\\filter\\class-ai1wm-recursive-newline-filter.php","line":28}

Sep 02 2026 10:15:18
{"type":8192,"message":"Return type of Ai1wm_Recursive_Newline_Filter::accept() should either be compatible with FilterIterator::accept(): bool, or the #[\\ReturnTypeWillChange] attribute should be used to temporarily suppress the notice","file":"C:\\xampp\\htdocs\\diormedical\\wp-content\\plugins\\All-In-One-WP-Migration-Pro-master\\lib\\vendor\\servmask\\filter\\class-ai1wm-recursive-newline-filter.php","line":28}

Sep 02 2026 10:15:19
{"type":8192,"message":"Return type of Ai1wm_Recursive_Newline_Filter::accept() should either be compatible with FilterIterator::accept(): bool, or the #[\\ReturnTypeWillChange] attribute should be used to temporarily suppress the notice","file":"C:\\xampp\\htdocs\\diormedical\\wp-content\\plugins\\All-In-One-WP-Migration-Pro-master\\lib\\vendor\\servmask\\filter\\class-ai1wm-recursive-newline-filter.php","line":28}

Sep 02 2026 10:15:19
{"type":8192,"message":"Return type of Ai1wm_Recursive_Newline_Filter::accept() should either be compatible with FilterIterator::accept(): bool, or the #[\\ReturnTypeWillChange] attribute should be used to temporarily suppress the notice","file":"C:\\xampp\\htdocs\\diormedical\\wp-content\\plugins\\All-In-One-WP-Migration-Pro-master\\lib\\vendor\\servmask\\filter\\class-ai1wm-recursive-newline-filter.php","line":28}

Sep 02 2026 10:15:20
{"type":8192,"message":"Return type of Ai1wm_Recursive_Newline_Filter::accept() should either be compatible with FilterIterator::accept(): bool, or the #[\\ReturnTypeWillChange] attribute should be used to temporarily suppress the notice","file":"C:\\xampp\\htdocs\\diormedical\\wp-content\\plugins\\All-In-One-WP-Migration-Pro-master\\lib\\vendor\\servmask\\filter\\class-ai1wm-recursive-newline-filter.php","line":28}

Sep 02 2026 10:15:20
{"type":8192,"message":"Return type of Ai1wm_Recursive_Newline_Filter::accept() should either be compatible with FilterIterator::accept(): bool, or the #[\\ReturnTypeWillChange] attribute should be used to temporarily suppress the notice","file":"C:\\xampp\\htdocs\\diormedical\\wp-content\\plugins\\All-In-One-WP-Migration-Pro-master\\lib\\vendor\\servmask\\filter\\class-ai1wm-recursive-newline-filter.php","line":28}

Sep 02 2026 10:15:20
{"type":8192,"message":"Return type of Ai1wm_Recursive_Newline_Filter::accept() should either be compatible with FilterIterator::accept(): bool, or the #[\\ReturnTypeWillChange] attribute should be used to temporarily suppress the notice","file":"C:\\xampp\\htdocs\\diormedical\\wp-content\\plugins\\All-In-One-WP-Migration-Pro-master\\lib\\vendor\\servmask\\filter\\class-ai1wm-recursive-newline-filter.php","line":28}

Sep 02 2026 10:15:21
{"type":8192,"message":"Return type of Ai1wm_Recursive_Newline_Filter::accept() should either be compatible with FilterIterator::accept(): bool, or the #[\\ReturnTypeWillChange] attribute should be used to temporarily suppress the notice","file":"C:\\xampp\\htdocs\\diormedical\\wp-content\\plugins\\All-In-One-WP-Migration-Pro-master\\lib\\vendor\\servmask\\filter\\class-ai1wm-recursive-newline-filter.php","line":28}

Sep 02 2026 10:15:21
{"type":8192,"message":"Return type of Ai1wm_Recursive_Newline_Filter::accept() should either be compatible with FilterIterator::accept(): bool, or the #[\\ReturnTypeWillChange] attribute should be used to temporarily suppress the notice","file":"C:\\xampp\\htdocs\\diormedical\\wp-content\\plugins\\All-In-One-WP-Migration-Pro-master\\lib\\vendor\\servmask\\filter\\class-ai1wm-recursive-newline-filter.php","line":28}

Sep 02 2026 10:15:28
{"type":8192,"message":"Return type of Ai1wm_Recursive_Newline_Filter::accept() should either be compatible with FilterIterator::accept(): bool, or the #[\\ReturnTypeWillChange] attribute should be used to temporarily suppress the notice","file":"C:\\xampp\\htdocs\\diormedical\\wp-content\\plugins\\All-In-One-WP-Migration-Pro-master\\lib\\vendor\\servmask\\filter\\class-ai1wm-recursive-newline-filter.php","line":28}

Sep 02 2026 10:15:29
{"type":8192,"message":"Return type of Ai1wm_Recursive_Newline_Filter::accept() should either be compatible with FilterIterator::accept(): bool, or the #[\\ReturnTypeWillChange] attribute should be used to temporarily suppress the notice","file":"C:\\xampp\\htdocs\\diormedical\\wp-content\\plugins\\All-In-One-WP-Migration-Pro-master\\lib\\vendor\\servmask\\filter\\class-ai1wm-recursive-newline-filter.php","line":28}

Sep 02 2026 10:15:39
{"type":8192,"message":"Return type of Ai1wm_Recursive_Newline_Filter::accept() should either be compatible with FilterIterator::accept(): bool, or the #[\\ReturnTypeWillChange] attribute should be used to temporarily suppress the notice","file":"C:\\xampp\\htdocs\\diormedical\\wp-content\\plugins\\All-In-One-WP-Migration-Pro-master\\lib\\vendor\\servmask\\filter\\class-ai1wm-recursive-newline-filter.php","line":28}

Sep 02 2026 10:15:48
{"type":8192,"message":"Return type of Ai1wm_Recursive_Newline_Filter::accept() should either be compatible with FilterIterator::accept(): bool, or the #[\\ReturnTypeWillChange] attribute should be used to temporarily suppress the notice","file":"C:\\xampp\\htdocs\\diormedical\\wp-content\\plugins\\All-In-One-WP-Migration-Pro-master\\lib\\vendor\\servmask\\filter\\class-ai1wm-recursive-newline-filter.php","line":28}

Sep 02 2026 10:15:49
{"type":8192,"message":"Return type of Ai1wm_Recursive_Newline_Filter::accept() should either be compatible with FilterIterator::accept(): bool, or the #[\\ReturnTypeWillChange] attribute should be used to temporarily suppress the notice","file":"C:\\xampp\\htdocs\\diormedical\\wp-content\\plugins\\All-In-One-WP-Migration-Pro-master\\lib\\vendor\\servmask\\filter\\class-ai1wm-recursive-newline-filter.php","line":28}

Sep 02 2026 10:15:49
{"Number":8192,"Message":"Creation of dynamic property Ai1wm_Database_Mysqli::$old_replace_raw_values is deprecated","File":"C:\\xampp\\htdocs\\diormedical\\wp-content\\plugins\\All-In-One-WP-Migration-Pro-master\\lib\\vendor\\servmask\\database\\class-ai1wm-database.php","Line":300}

Sep 02 2026 10:15:49
{"Number":8192,"Message":"Creation of dynamic property Ai1wm_Database_Mysqli::$new_replace_raw_values is deprecated","File":"C:\\xampp\\htdocs\\diormedical\\wp-content\\plugins\\All-In-One-WP-Migration-Pro-master\\lib\\vendor\\servmask\\database\\class-ai1wm-database.php","Line":321}

Sep 02 2026 10:15:58
{"type":8192,"message":"Return type of Ai1wm_Recursive_Newline_Filter::accept() should either be compatible with FilterIterator::accept(): bool, or the #[\\ReturnTypeWillChange] attribute should be used to temporarily suppress the notice","file":"C:\\xampp\\htdocs\\diormedical\\wp-content\\plugins\\All-In-One-WP-Migration-Pro-master\\lib\\vendor\\servmask\\filter\\class-ai1wm-recursive-newline-filter.php","line":28}

Sep 02 2026 10:15:58
{"type":8192,"message":"Return type of Ai1wm_Recursive_Newline_Filter::accept() should either be compatible with FilterIterator::accept(): bool, or the #[\\ReturnTypeWillChange] attribute should be used to temporarily suppress the notice","file":"C:\\xampp\\htdocs\\diormedical\\wp-content\\plugins\\All-In-One-WP-Migration-Pro-master\\lib\\vendor\\servmask\\filter\\class-ai1wm-recursive-newline-filter.php","line":28}

Sep 02 2026 10:15:59
{"type":8192,"message":"Return type of Ai1wm_Recursive_Newline_Filter::accept() should either be compatible with FilterIterator::accept(): bool, or the #[\\ReturnTypeWillChange] attribute should be used to temporarily suppress the notice","file":"C:\\xampp\\htdocs\\diormedical\\wp-content\\plugins\\All-In-One-WP-Migration-Pro-master\\lib\\vendor\\servmask\\filter\\class-ai1wm-recursive-newline-filter.php","line":28}

Sep 02 2026 11:44:57
{"type":2,"message":"dns_get_record(): DNS Query failed","file":"C:\\xampp\\htdocs\\diormedical\\wp-content\\plugins\\wordfence\\lib\\wfUtils.php","line":1475}

Sep 02 2026 11:44:59
{"type":2,"message":"dns_get_record(): DNS Query failed","file":"C:\\xampp\\htdocs\\diormedical\\wp-content\\plugins\\wordfence\\lib\\wfUtils.php","line":1475}

Sep 02 2026 11:45:00
{"type":2,"message":"dns_get_record(): DNS Query failed","file":"C:\\xampp\\htdocs\\diormedical\\wp-content\\plugins\\wordfence\\lib\\wfUtils.php","line":1475}

Sep 02 2026 11:45:02
{"type":2,"message":"dns_get_record(): DNS Query failed","file":"C:\\xampp\\htdocs\\diormedical\\wp-content\\plugins\\wordfence\\lib\\wfUtils.php","line":1475}

Sep 02 2026 11:45:04
{"type":2,"message":"dns_get_record(): DNS Query failed","file":"C:\\xampp\\htdocs\\diormedical\\wp-content\\plugins\\wordfence\\lib\\wfUtils.php","line":1475}

Sep 02 2026 11:45:16
{"type":2,"message":"dns_get_record(): DNS Query failed","file":"C:\\xampp\\htdocs\\diormedical\\wp-content\\plugins\\wordfence\\lib\\wfUtils.php","line":1475}

Sep 02 2026 11:45:18
{"Number":2,"Message":"rmdir(C:\\xampp\\htdocs\\diormedical\\wp-content\\plugins\\All-In-One-WP-Migration-Pro-master\\storage\\3lul2n9fgfl1): Directory not empty","File":"C:\\xampp\\htdocs\\diormedical\\wp-content\\plugins\\All-In-One-WP-Migration-Pro-master\\lib\\vendor\\servmask\\filesystem\\class-ai1wm-directory.php","Line":60}

Sep 02 2026 11:45:18
{"type":2,"message":"dns_get_record(): DNS Query failed","file":"C:\\xampp\\htdocs\\diormedical\\wp-content\\plugins\\wordfence\\lib\\wfUtils.php","line":1475}

Sep 02 2026 11:45:27
{"Number":2,"Message":"filesize(): stat failed for C:\\xampp\\htdocs\\diormedical\\wp-content\\plugins\\All-In-One-WP-Migration-Pro-master\\storage\\3lul2n9fgfl1\\localhost-diormedical-20260902-114457-849.wpress","File":"C:\\xampp\\htdocs\\diormedical\\wp-content\\plugins\\All-In-One-WP-Migration-Pro-master\\lib\\vendor\\servmask\\archiver\\class-ai1wm-archiver.php","Line":217}

Sep 02 2026 11:45:27
{"type":2,"message":"dns_get_record(): DNS Query failed","file":"C:\\xampp\\htdocs\\diormedical\\wp-content\\plugins\\wordfence\\lib\\wfUtils.php","line":1475}

Sep 03 2026 06:10:10
{"type":2,"message":"dns_get_record(): DNS Query failed","file":"C:\\xampp\\htdocs\\diormedical\\wp-content\\plugins\\wordfence\\lib\\wfUtils.php","line":1475}

Sep 03 2026 06:10:12
{"type":2,"message":"dns_get_record(): DNS Query failed","file":"C:\\xampp\\htdocs\\diormedical\\wp-content\\plugins\\wordfence\\lib\\wfUtils.php","line":1475}

Sep 03 2026 06:10:14
{"type":2,"message":"dns_get_record(): DNS Query failed","file":"C:\\xampp\\htdocs\\diormedical\\wp-content\\plugins\\wordfence\\lib\\wfUtils.php","line":1475}

Sep 03 2026 06:10:16
{"type":2,"message":"dns_get_record(): DNS Query failed","file":"C:\\xampp\\htdocs\\diormedical\\wp-content\\plugins\\wordfence\\lib\\wfUtils.php","line":1475}

Sep 03 2026 06:10:17
{"type":2,"message":"dns_get_record(): DNS Query failed","file":"C:\\xampp\\htdocs\\diormedical\\wp-content\\plugins\\wordfence\\lib\\wfUtils.php","line":1475}

Sep 03 2026 06:10:19
{"type":2,"message":"dns_get_record(): DNS Query failed","file":"C:\\xampp\\htdocs\\diormedical\\wp-content\\plugins\\wordfence\\lib\\wfUtils.php","line":1475}

Sep 03 2026 06:10:21
{"type":2,"message":"dns_get_record(): DNS Query failed","file":"C:\\xampp\\htdocs\\diormedical\\wp-content\\plugins\\wordfence\\lib\\wfUtils.php","line":1475}

Sep 03 2026 06:10:23
{"type":2,"message":"dns_get_record(): DNS Query failed","file":"C:\\xampp\\htdocs\\diormedical\\wp-content\\plugins\\wordfence\\lib\\wfUtils.php","line":1475}

Sep 03 2026 06:10:24
{"type":2,"message":"dns_get_record(): DNS Query failed","file":"C:\\xampp\\htdocs\\diormedical\\wp-content\\plugins\\wordfence\\lib\\wfUtils.php","line":1475}

Sep 03 2026 06:10:26
{"type":2,"message":"dns_get_record(): DNS Query failed","file":"C:\\xampp\\htdocs\\diormedical\\wp-content\\plugins\\wordfence\\lib\\wfUtils.php","line":1475}

Sep 03 2026 06:10:28
{"type":2,"message":"dns_get_record(): DNS Query failed","file":"C:\\xampp\\htdocs\\diormedical\\wp-content\\plugins\\wordfence\\lib\\wfUtils.php","line":1475}

Sep 03 2026 06:10:29
{"type":2,"message":"dns_get_record(): DNS Query failed","file":"C:\\xampp\\htdocs\\diormedical\\wp-content\\plugins\\wordfence\\lib\\wfUtils.php","line":1475}

Sep 03 2026 06:10:31
{"type":2,"message":"dns_get_record(): DNS Query failed","file":"C:\\xampp\\htdocs\\diormedical\\wp-content\\plugins\\wordfence\\lib\\wfUtils.php","line":1475}

Sep 03 2026 06:10:33
{"type":2,"message":"dns_get_record(): DNS Query failed","file":"C:\\xampp\\htdocs\\diormedical\\wp-content\\plugins\\wordfence\\lib\\wfUtils.php","line":1475}

Sep 03 2026 06:10:35
{"type":2,"message":"dns_get_record(): DNS Query failed","file":"C:\\xampp\\htdocs\\diormedical\\wp-content\\plugins\\wordfence\\lib\\wfUtils.php","line":1475}

Sep 03 2026 06:10:37
{"type":2,"message":"dns_get_record(): DNS Query failed","file":"C:\\xampp\\htdocs\\diormedical\\wp-content\\plugins\\wordfence\\lib\\wfUtils.php","line":1475}

Sep 03 2026 06:10:38
{"type":2,"message":"dns_get_record(): DNS Query failed","file":"C:\\xampp\\htdocs\\diormedical\\wp-content\\plugins\\wordfence\\lib\\wfUtils.php","line":1475}

Sep 03 2026 06:10:40
{"type":2,"message":"dns_get_record(): DNS Query failed","file":"C:\\xampp\\htdocs\\diormedical\\wp-content\\plugins\\wordfence\\lib\\wfUtils.php","line":1475}

Sep 03 2026 06:10:42
{"type":2,"message":"dns_get_record(): DNS Query failed","file":"C:\\xampp\\htdocs\\diormedical\\wp-content\\plugins\\wordfence\\lib\\wfUtils.php","line":1475}

Sep 03 2026 06:10:44
{"type":2,"message":"dns_get_record(): DNS Query failed","file":"C:\\xampp\\htdocs\\diormedical\\wp-content\\plugins\\wordfence\\lib\\wfUtils.php","line":1475}

Sep 03 2026 06:10:45
{"type":2,"message":"dns_get_record(): DNS Query failed","file":"C:\\xampp\\htdocs\\diormedical\\wp-content\\plugins\\wordfence\\lib\\wfUtils.php","line":1475}

Sep 03 2026 06:10:47
{"type":2,"message":"dns_get_record(): DNS Query failed","file":"C:\\xampp\\htdocs\\diormedical\\wp-content\\plugins\\wordfence\\lib\\wfUtils.php","line":1475}

Sep 03 2026 06:10:49
{"type":2,"message":"dns_get_record(): DNS Query failed","file":"C:\\xampp\\htdocs\\diormedical\\wp-content\\plugins\\wordfence\\lib\\wfUtils.php","line":1475}

Sep 03 2026 06:10:51
{"type":2,"message":"dns_get_record(): DNS Query failed","file":"C:\\xampp\\htdocs\\diormedical\\wp-content\\plugins\\wordfence\\lib\\wfUtils.php","line":1475}

Sep 03 2026 06:10:54
{"type":2,"message":"dns_get_record(): DNS Query failed","file":"C:\\xampp\\htdocs\\diormedical\\wp-content\\plugins\\wordfence\\lib\\wfUtils.php","line":1475}

Sep 03 2026 06:10:56
{"type":2,"message":"dns_get_record(): DNS Query failed","file":"C:\\xampp\\htdocs\\diormedical\\wp-content\\plugins\\wordfence\\lib\\wfUtils.php","line":1475}

Sep 03 2026 06:10:57
{"type":2,"message":"dns_get_record(): DNS Query failed","file":"C:\\xampp\\htdocs\\diormedical\\wp-content\\plugins\\wordfence\\lib\\wfUtils.php","line":1475}

Sep 03 2026 06:10:59
{"type":2,"message":"dns_get_record(): DNS Query failed","file":"C:\\xampp\\htdocs\\diormedical\\wp-content\\plugins\\wordfence\\lib\\wfUtils.php","line":1475}

Sep 03 2026 06:11:01
{"type":2,"message":"dns_get_record(): DNS Query failed","file":"C:\\xampp\\htdocs\\diormedical\\wp-content\\plugins\\wordfence\\lib\\wfUtils.php","line":1475}

Sep 03 2026 06:11:03
{"type":2,"message":"dns_get_record(): DNS Query failed","file":"C:\\xampp\\htdocs\\diormedical\\wp-content\\plugins\\wordfence\\lib\\wfUtils.php","line":1475}

Sep 03 2026 06:11:05
{"type":2,"message":"dns_get_record(): DNS Query failed","file":"C:\\xampp\\htdocs\\diormedical\\wp-content\\plugins\\wordfence\\lib\\wfUtils.php","line":1475}

Sep 03 2026 06:11:07
{"type":2,"message":"dns_get_record(): DNS Query failed","file":"C:\\xampp\\htdocs\\diormedical\\wp-content\\plugins\\wordfence\\lib\\wfUtils.php","line":1475}

Sep 03 2026 06:11:08
{"type":2,"message":"dns_get_record(): DNS Query failed","file":"C:\\xampp\\htdocs\\diormedical\\wp-content\\plugins\\wordfence\\lib\\wfUtils.php","line":1475}

Sep 03 2026 06:11:10
{"type":2,"message":"dns_get_record(): DNS Query failed","file":"C:\\xampp\\htdocs\\diormedical\\wp-content\\plugins\\wordfence\\lib\\wfUtils.php","line":1475}

Sep 03 2026 06:11:12
{"type":2,"message":"dns_get_record(): DNS Query failed","file":"C:\\xampp\\htdocs\\diormedical\\wp-content\\plugins\\wordfence\\lib\\wfUtils.php","line":1475}

Sep 03 2026 06:11:13
{"type":2,"message":"dns_get_record(): DNS Query failed","file":"C:\\xampp\\htdocs\\diormedical\\wp-content\\plugins\\wordfence\\lib\\wfUtils.php","line":1475}

Sep 03 2026 06:11:15
{"type":2,"message":"dns_get_record(): DNS Query failed","file":"C:\\xampp\\htdocs\\diormedical\\wp-content\\plugins\\wordfence\\lib\\wfUtils.php","line":1475}

Sep 03 2026 06:11:17
{"type":2,"message":"dns_get_record(): DNS Query failed","file":"C:\\xampp\\htdocs\\diormedical\\wp-content\\plugins\\wordfence\\lib\\wfUtils.php","line":1475}

Sep 03 2026 06:11:19
{"type":2,"message":"dns_get_record(): DNS Query failed","file":"C:\\xampp\\htdocs\\diormedical\\wp-content\\plugins\\wordfence\\lib\\wfUtils.php","line":1475}

Sep 03 2026 06:11:20
{"type":2,"message":"dns_get_record(): DNS Query failed","file":"C:\\xampp\\htdocs\\diormedical\\wp-content\\plugins\\wordfence\\lib\\wfUtils.php","line":1475}

Sep 03 2026 06:11:22
{"type":2,"message":"dns_get_record(): DNS Query failed","file":"C:\\xampp\\htdocs\\diormedical\\wp-content\\plugins\\wordfence\\lib\\wfUtils.php","line":1475}

Sep 03 2026 06:11:24
{"type":2,"message":"dns_get_record(): DNS Query failed","file":"C:\\xampp\\htdocs\\diormedical\\wp-content\\plugins\\wordfence\\lib\\wfUtils.php","line":1475}

Sep 03 2026 06:11:26
{"type":2,"message":"dns_get_record(): DNS Query failed","file":"C:\\xampp\\htdocs\\diormedical\\wp-content\\plugins\\wordfence\\lib\\wfUtils.php","line":1475}

Sep 03 2026 06:11:27
{"type":2,"message":"dns_get_record(): DNS Query failed","file":"C:\\xampp\\htdocs\\diormedical\\wp-content\\plugins\\wordfence\\lib\\wfUtils.php","line":1475}

Sep 03 2026 06:11:29
{"type":2,"message":"dns_get_record(): DNS Query failed","file":"C:\\xampp\\htdocs\\diormedical\\wp-content\\plugins\\wordfence\\lib\\wfUtils.php","line":1475}

Sep 03 2026 06:11:31
{"type":2,"message":"dns_get_record(): DNS Query failed","file":"C:\\xampp\\htdocs\\diormedical\\wp-content\\plugins\\wordfence\\lib\\wfUtils.php","line":1475}

Sep 03 2026 06:11:32
{"type":2,"message":"dns_get_record(): DNS Query failed","file":"C:\\xampp\\htdocs\\diormedical\\wp-content\\plugins\\wordfence\\lib\\wfUtils.php","line":1475}

Sep 03 2026 06:11:34
{"type":2,"message":"dns_get_record(): DNS Query failed","file":"C:\\xampp\\htdocs\\diormedical\\wp-content\\plugins\\wordfence\\lib\\wfUtils.php","line":1475}

Sep 03 2026 06:11:36
{"type":2,"message":"dns_get_record(): DNS Query failed","file":"C:\\xampp\\htdocs\\diormedical\\wp-content\\plugins\\wordfence\\lib\\wfUtils.php","line":1475}

Sep 03 2026 06:11:38
{"type":2,"message":"dns_get_record(): DNS Query failed","file":"C:\\xampp\\htdocs\\diormedical\\wp-content\\plugins\\wordfence\\lib\\wfUtils.php","line":1475}

Sep 03 2026 06:11:39
{"type":2,"message":"dns_get_record(): DNS Query failed","file":"C:\\xampp\\htdocs\\diormedical\\wp-content\\plugins\\wordfence\\lib\\wfUtils.php","line":1475}

Sep 03 2026 06:11:41
{"type":2,"message":"dns_get_record(): DNS Query failed","file":"C:\\xampp\\htdocs\\diormedical\\wp-content\\plugins\\wordfence\\lib\\wfUtils.php","line":1475}

Sep 03 2026 06:11:43
{"type":2,"message":"dns_get_record(): DNS Query failed","file":"C:\\xampp\\htdocs\\diormedical\\wp-content\\plugins\\wordfence\\lib\\wfUtils.php","line":1475}

Sep 03 2026 06:11:44
{"type":2,"message":"dns_get_record(): DNS Query failed","file":"C:\\xampp\\htdocs\\diormedical\\wp-content\\plugins\\wordfence\\lib\\wfUtils.php","line":1475}

Sep 03 2026 06:11:46
{"type":2,"message":"dns_get_record(): DNS Query failed","file":"C:\\xampp\\htdocs\\diormedical\\wp-content\\plugins\\wordfence\\lib\\wfUtils.php","line":1475}

Sep 03 2026 06:11:48
{"type":2,"message":"dns_get_record(): DNS Query failed","file":"C:\\xampp\\htdocs\\diormedical\\wp-content\\plugins\\wordfence\\lib\\wfUtils.php","line":1475}

Sep 03 2026 06:11:50
{"type":2,"message":"dns_get_record(): DNS Query failed","file":"C:\\xampp\\htdocs\\diormedical\\wp-content\\plugins\\wordfence\\lib\\wfUtils.php","line":1475}

Sep 03 2026 06:11:51
{"type":2,"message":"dns_get_record(): DNS Query failed","file":"C:\\xampp\\htdocs\\diormedical\\wp-content\\plugins\\wordfence\\lib\\wfUtils.php","line":1475}

Sep 03 2026 06:11:53
{"type":2,"message":"dns_get_record(): DNS Query failed","file":"C:\\xampp\\htdocs\\diormedical\\wp-content\\plugins\\wordfence\\lib\\wfUtils.php","line":1475}

Sep 03 2026 06:11:55
{"type":2,"message":"dns_get_record(): DNS Query failed","file":"C:\\xampp\\htdocs\\diormedical\\wp-content\\plugins\\wordfence\\lib\\wfUtils.php","line":1475}

Sep 03 2026 06:11:56
{"type":2,"message":"dns_get_record(): DNS Query failed","file":"C:\\xampp\\htdocs\\diormedical\\wp-content\\plugins\\wordfence\\lib\\wfUtils.php","line":1475}

Sep 03 2026 06:11:58
{"type":2,"message":"dns_get_record(): DNS Query failed","file":"C:\\xampp\\htdocs\\diormedical\\wp-content\\plugins\\wordfence\\lib\\wfUtils.php","line":1475}

Sep 03 2026 06:12:00
{"type":2,"message":"dns_get_record(): DNS Query failed","file":"C:\\xampp\\htdocs\\diormedical\\wp-content\\plugins\\wordfence\\lib\\wfUtils.php","line":1475}

Sep 03 2026 06:12:02
{"type":2,"message":"dns_get_record(): DNS Query failed","file":"C:\\xampp\\htdocs\\diormedical\\wp-content\\plugins\\wordfence\\lib\\wfUtils.php","line":1475}

Sep 03 2026 06:12:03
{"type":2,"message":"dns_get_record(): DNS Query failed","file":"C:\\xampp\\htdocs\\diormedical\\wp-content\\plugins\\wordfence\\lib\\wfUtils.php","line":1475}

Sep 03 2026 06:12:05
{"type":2,"message":"dns_get_record(): DNS Query failed","file":"C:\\xampp\\htdocs\\diormedical\\wp-content\\plugins\\wordfence\\lib\\wfUtils.php","line":1475}

Sep 03 2026 06:12:26
{"type":2,"message":"dns_get_record(): DNS Query failed","file":"C:\\xampp\\htdocs\\diormedical\\wp-content\\plugins\\wordfence\\lib\\wfUtils.php","line":1475}

Sep 03 2026 06:12:27
{"type":2,"message":"dns_get_record(): DNS Query failed","file":"C:\\xampp\\htdocs\\diormedical\\wp-content\\plugins\\wordfence\\lib\\wfUtils.php","line":1475}

Sep 03 2026 06:12:39
{"type":2,"message":"dns_get_record(): DNS Query failed","file":"C:\\xampp\\htdocs\\diormedical\\wp-content\\plugins\\wordfence\\lib\\wfUtils.php","line":1475}

Sep 03 2026 06:12:51
{"type":2,"message":"dns_get_record(): DNS Query failed","file":"C:\\xampp\\htdocs\\diormedical\\wp-content\\plugins\\wordfence\\lib\\wfUtils.php","line":1475}

Sep 03 2026 06:13:00
{"type":2,"message":"dns_get_record(): DNS Query failed","file":"C:\\xampp\\htdocs\\diormedical\\wp-content\\plugins\\wordfence\\lib\\wfUtils.php","line":1475}

Sep 03 2026 06:13:02
{"type":2,"message":"dns_get_record(): DNS Query failed","file":"C:\\xampp\\htdocs\\diormedical\\wp-content\\plugins\\wordfence\\lib\\wfUtils.php","line":1475}

Sep 03 2026 06:13:04
{"Number":8192,"Message":"Creation of dynamic property Ai1wm_Database_Mysqli::$old_replace_raw_values is deprecated","File":"C:\\xampp\\htdocs\\diormedical\\wp-content\\plugins\\All-In-One-WP-Migration-Pro-master\\lib\\vendor\\servmask\\database\\class-ai1wm-database.php","Line":300}

Sep 03 2026 06:13:04
{"Number":8192,"Message":"Creation of dynamic property Ai1wm_Database_Mysqli::$new_replace_raw_values is deprecated","File":"C:\\xampp\\htdocs\\diormedical\\wp-content\\plugins\\All-In-One-WP-Migration-Pro-master\\lib\\vendor\\servmask\\database\\class-ai1wm-database.php","Line":321}

Sep 03 2026 06:13:14
{"type":2,"message":"dns_get_record(): DNS Query failed","file":"C:\\xampp\\htdocs\\diormedical\\wp-content\\plugins\\wordfence\\lib\\wfUtils.php","line":1475}

Sep 03 2026 06:13:14
{"Number":8192,"Message":"Creation of dynamic property Ai1wm_Database_Mysqli::$old_replace_raw_values is deprecated","File":"C:\\xampp\\htdocs\\diormedical\\wp-content\\plugins\\All-In-One-WP-Migration-Pro-master\\lib\\vendor\\servmask\\database\\class-ai1wm-database.php","Line":300}

Sep 03 2026 06:13:14
{"Number":8192,"Message":"Creation of dynamic property Ai1wm_Database_Mysqli::$new_replace_raw_values is deprecated","File":"C:\\xampp\\htdocs\\diormedical\\wp-content\\plugins\\All-In-One-WP-Migration-Pro-master\\lib\\vendor\\servmask\\database\\class-ai1wm-database.php","Line":321}

Sep 03 2026 06:13:14
{"type":8192,"message":"Return type of Ai1wm_Recursive_Newline_Filter::accept() should either be compatible with FilterIterator::accept(): bool, or the #[\\ReturnTypeWillChange] attribute should be used to temporarily suppress the notice","file":"C:\\xampp\\htdocs\\diormedical\\wp-content\\plugins\\All-In-One-WP-Migration-Pro-master\\lib\\vendor\\servmask\\filter\\class-ai1wm-recursive-newline-filter.php","line":28}

Sep 03 2026 06:13:14
{"type":8192,"message":"Return type of Ai1wm_Recursive_Newline_Filter::accept() should either be compatible with FilterIterator::accept(): bool, or the #[\\ReturnTypeWillChange] attribute should be used to temporarily suppress the notice","file":"C:\\xampp\\htdocs\\diormedical\\wp-content\\plugins\\All-In-One-WP-Migration-Pro-master\\lib\\vendor\\servmask\\filter\\class-ai1wm-recursive-newline-filter.php","line":28}

Sep 03 2026 06:13:16
{"type":8192,"message":"Return type of Ai1wm_Recursive_Newline_Filter::accept() should either be compatible with FilterIterator::accept(): bool, or the #[\\ReturnTypeWillChange] attribute should be used to temporarily suppress the notice","file":"C:\\xampp\\htdocs\\diormedical\\wp-content\\plugins\\All-In-One-WP-Migration-Pro-master\\lib\\vendor\\servmask\\filter\\class-ai1wm-recursive-newline-filter.php","line":28}

Sep 07 2026 13:26:35
{"type":8192,"message":"Return type of Ai1wm_Recursive_Newline_Filter::accept() should either be compatible with FilterIterator::accept(): bool, or the #[\\ReturnTypeWillChange] attribute should be used to temporarily suppress the notice","file":"C:\\xampp\\htdocs\\diormedical\\wp-content\\plugins\\All-In-One-WP-Migration-Pro-master\\lib\\vendor\\servmask\\filter\\class-ai1wm-recursive-newline-filter.php","line":28}

Sep 07 2026 13:26:37
{"type":8192,"message":"Return type of Ai1wm_Recursive_Newline_Filter::accept() should either be compatible with FilterIterator::accept(): bool, or the #[\\ReturnTypeWillChange] attribute should be used to temporarily suppress the notice","file":"C:\\xampp\\htdocs\\diormedical\\wp-content\\plugins\\All-In-One-WP-Migration-Pro-master\\lib\\vendor\\servmask\\filter\\class-ai1wm-recursive-newline-filter.php","line":28}

Sep 07 2026 13:26:39
{"type":8192,"message":"Return type of Ai1wm_Recursive_Newline_Filter::accept() should either be compatible with FilterIterator::accept(): bool, or the #[\\ReturnTypeWillChange] attribute should be used to temporarily suppress the notice","file":"C:\\xampp\\htdocs\\diormedical\\wp-content\\plugins\\All-In-One-WP-Migration-Pro-master\\lib\\vendor\\servmask\\filter\\class-ai1wm-recursive-newline-filter.php","line":28}

Sep 07 2026 13:26:41
{"type":8192,"message":"Return type of Ai1wm_Recursive_Newline_Filter::accept() should either be compatible with FilterIterator::accept(): bool, or the #[\\ReturnTypeWillChange] attribute should be used to temporarily suppress the notice","file":"C:\\xampp\\htdocs\\diormedical\\wp-content\\plugins\\All-In-One-WP-Migration-Pro-master\\lib\\vendor\\servmask\\filter\\class-ai1wm-recursive-newline-filter.php","line":28}

Sep 07 2026 13:26:43
{"type":8192,"message":"Return type of Ai1wm_Recursive_Newline_Filter::accept() should either be compatible with FilterIterator::accept(): bool, or the #[\\ReturnTypeWillChange] attribute should be used to temporarily suppress the notice","file":"C:\\xampp\\htdocs\\diormedical\\wp-content\\plugins\\All-In-One-WP-Migration-Pro-master\\lib\\vendor\\servmask\\filter\\class-ai1wm-recursive-newline-filter.php","line":28}

Sep 07 2026 13:26:48
{"type":8192,"message":"Return type of Ai1wm_Recursive_Newline_Filter::accept() should either be compatible with FilterIterator::accept(): bool, or the #[\\ReturnTypeWillChange] attribute should be used to temporarily suppress the notice","file":"C:\\xampp\\htdocs\\diormedical\\wp-content\\plugins\\All-In-One-WP-Migration-Pro-master\\lib\\vendor\\servmask\\filter\\class-ai1wm-recursive-newline-filter.php","line":28}

Sep 07 2026 13:26:52
{"type":8192,"message":"Return type of Ai1wm_Recursive_Newline_Filter::accept() should either be compatible with FilterIterator::accept(): bool, or the #[\\ReturnTypeWillChange] attribute should be used to temporarily suppress the notice","file":"C:\\xampp\\htdocs\\diormedical\\wp-content\\plugins\\All-In-One-WP-Migration-Pro-master\\lib\\vendor\\servmask\\filter\\class-ai1wm-recursive-newline-filter.php","line":28}

Sep 07 2026 13:26:54
{"type":8192,"message":"Return type of Ai1wm_Recursive_Newline_Filter::accept() should either be compatible with FilterIterator::accept(): bool, or the #[\\ReturnTypeWillChange] attribute should be used to temporarily suppress the notice","file":"C:\\xampp\\htdocs\\diormedical\\wp-content\\plugins\\All-In-One-WP-Migration-Pro-master\\lib\\vendor\\servmask\\filter\\class-ai1wm-recursive-newline-filter.php","line":28}

Sep 07 2026 13:26:56
{"type":8192,"message":"Return type of Ai1wm_Recursive_Newline_Filter::accept() should either be compatible with FilterIterator::accept(): bool, or the #[\\ReturnTypeWillChange] attribute should be used to temporarily suppress the notice","file":"C:\\xampp\\htdocs\\diormedical\\wp-content\\plugins\\All-In-One-WP-Migration-Pro-master\\lib\\vendor\\servmask\\filter\\class-ai1wm-recursive-newline-filter.php","line":28}

Sep 07 2026 13:26:58
{"type":8192,"message":"Return type of Ai1wm_Recursive_Newline_Filter::accept() should either be compatible with FilterIterator::accept(): bool, or the #[\\ReturnTypeWillChange] attribute should be used to temporarily suppress the notice","file":"C:\\xampp\\htdocs\\diormedical\\wp-content\\plugins\\All-In-One-WP-Migration-Pro-master\\lib\\vendor\\servmask\\filter\\class-ai1wm-recursive-newline-filter.php","line":28}

Sep 07 2026 13:30:51
{"type":8192,"message":"Return type of Ai1wm_Recursive_Newline_Filter::accept() should either be compatible with FilterIterator::accept(): bool, or the #[\\ReturnTypeWillChange] attribute should be used to temporarily suppress the notice","file":"C:\\xampp\\htdocs\\diormedical\\wp-content\\plugins\\All-In-One-WP-Migration-Pro-master\\lib\\vendor\\servmask\\filter\\class-ai1wm-recursive-newline-filter.php","line":28}

Sep 07 2026 13:30:53
{"type":8192,"message":"Return type of Ai1wm_Recursive_Newline_Filter::accept() should either be compatible with FilterIterator::accept(): bool, or the #[\\ReturnTypeWillChange] attribute should be used to temporarily suppress the notice","file":"C:\\xampp\\htdocs\\diormedical\\wp-content\\plugins\\All-In-One-WP-Migration-Pro-master\\lib\\vendor\\servmask\\filter\\class-ai1wm-recursive-newline-filter.php","line":28}

Sep 07 2026 13:30:56
{"type":8192,"message":"Return type of Ai1wm_Recursive_Newline_Filter::accept() should either be compatible with FilterIterator::accept(): bool, or the #[\\ReturnTypeWillChange] attribute should be used to temporarily suppress the notice","file":"C:\\xampp\\htdocs\\diormedical\\wp-content\\plugins\\All-In-One-WP-Migration-Pro-master\\lib\\vendor\\servmask\\filter\\class-ai1wm-recursive-newline-filter.php","line":28}

Sep 07 2026 13:30:58
{"type":8192,"message":"Return type of Ai1wm_Recursive_Newline_Filter::accept() should either be compatible with FilterIterator::accept(): bool, or the #[\\ReturnTypeWillChange] attribute should be used to temporarily suppress the notice","file":"C:\\xampp\\htdocs\\diormedical\\wp-content\\plugins\\All-In-One-WP-Migration-Pro-master\\lib\\vendor\\servmask\\filter\\class-ai1wm-recursive-newline-filter.php","line":28}

Sep 07 2026 13:31:00
{"type":8192,"message":"Return type of Ai1wm_Recursive_Newline_Filter::accept() should either be compatible with FilterIterator::accept(): bool, or the #[\\ReturnTypeWillChange] attribute should be used to temporarily suppress the notice","file":"C:\\xampp\\htdocs\\diormedical\\wp-content\\plugins\\All-In-One-WP-Migration-Pro-master\\lib\\vendor\\servmask\\filter\\class-ai1wm-recursive-newline-filter.php","line":28}

Sep 07 2026 13:31:02
{"type":8192,"message":"Return type of Ai1wm_Recursive_Newline_Filter::accept() should either be compatible with FilterIterator::accept(): bool, or the #[\\ReturnTypeWillChange] attribute should be used to temporarily suppress the notice","file":"C:\\xampp\\htdocs\\diormedical\\wp-content\\plugins\\All-In-One-WP-Migration-Pro-master\\lib\\vendor\\servmask\\filter\\class-ai1wm-recursive-newline-filter.php","line":28}

Sep 07 2026 13:31:04
{"type":8192,"message":"Return type of Ai1wm_Recursive_Newline_Filter::accept() should either be compatible with FilterIterator::accept(): bool, or the #[\\ReturnTypeWillChange] attribute should be used to temporarily suppress the notice","file":"C:\\xampp\\htdocs\\diormedical\\wp-content\\plugins\\All-In-One-WP-Migration-Pro-master\\lib\\vendor\\servmask\\filter\\class-ai1wm-recursive-newline-filter.php","line":28}

Sep 07 2026 13:31:06
{"type":8192,"message":"Return type of Ai1wm_Recursive_Newline_Filter::accept() should either be compatible with FilterIterator::accept(): bool, or the #[\\ReturnTypeWillChange] attribute should be used to temporarily suppress the notice","file":"C:\\xampp\\htdocs\\diormedical\\wp-content\\plugins\\All-In-One-WP-Migration-Pro-master\\lib\\vendor\\servmask\\filter\\class-ai1wm-recursive-newline-filter.php","line":28}

Sep 07 2026 13:31:08
{"type":8192,"message":"Return type of Ai1wm_Recursive_Newline_Filter::accept() should either be compatible with FilterIterator::accept(): bool, or the #[\\ReturnTypeWillChange] attribute should be used to temporarily suppress the notice","file":"C:\\xampp\\htdocs\\diormedical\\wp-content\\plugins\\All-In-One-WP-Migration-Pro-master\\lib\\vendor\\servmask\\filter\\class-ai1wm-recursive-newline-filter.php","line":28}

Sep 07 2026 13:31:10
{"type":8192,"message":"Return type of Ai1wm_Recursive_Newline_Filter::accept() should either be compatible with FilterIterator::accept(): bool, or the #[\\ReturnTypeWillChange] attribute should be used to temporarily suppress the notice","file":"C:\\xampp\\htdocs\\diormedical\\wp-content\\plugins\\All-In-One-WP-Migration-Pro-master\\lib\\vendor\\servmask\\filter\\class-ai1wm-recursive-newline-filter.php","line":28}

Sep 07 2026 13:31:12
{"type":8192,"message":"Return type of Ai1wm_Recursive_Newline_Filter::accept() should either be compatible with FilterIterator::accept(): bool, or the #[\\ReturnTypeWillChange] attribute should be used to temporarily suppress the notice","file":"C:\\xampp\\htdocs\\diormedical\\wp-content\\plugins\\All-In-One-WP-Migration-Pro-master\\lib\\vendor\\servmask\\filter\\class-ai1wm-recursive-newline-filter.php","line":28}

Sep 07 2026 13:31:14
{"type":8192,"message":"Return type of Ai1wm_Recursive_Newline_Filter::accept() should either be compatible with FilterIterator::accept(): bool, or the #[\\ReturnTypeWillChange] attribute should be used to temporarily suppress the notice","file":"C:\\xampp\\htdocs\\diormedical\\wp-content\\plugins\\All-In-One-WP-Migration-Pro-master\\lib\\vendor\\servmask\\filter\\class-ai1wm-recursive-newline-filter.php","line":28}

Sep 07 2026 13:31:18
{"type":8192,"message":"Return type of Ai1wm_Recursive_Newline_Filter::accept() should either be compatible with FilterIterator::accept(): bool, or the #[\\ReturnTypeWillChange] attribute should be used to temporarily suppress the notice","file":"C:\\xampp\\htdocs\\diormedical\\wp-content\\plugins\\All-In-One-WP-Migration-Pro-master\\lib\\vendor\\servmask\\filter\\class-ai1wm-recursive-newline-filter.php","line":28}

Sep 07 2026 13:31:20
{"type":8192,"message":"Return type of Ai1wm_Recursive_Newline_Filter::accept() should either be compatible with FilterIterator::accept(): bool, or the #[\\ReturnTypeWillChange] attribute should be used to temporarily suppress the notice","file":"C:\\xampp\\htdocs\\diormedical\\wp-content\\plugins\\All-In-One-WP-Migration-Pro-master\\lib\\vendor\\servmask\\filter\\class-ai1wm-recursive-newline-filter.php","line":28}

Sep 07 2026 13:31:22
{"type":8192,"message":"Return type of Ai1wm_Recursive_Newline_Filter::accept() should either be compatible with FilterIterator::accept(): bool, or the #[\\ReturnTypeWillChange] attribute should be used to temporarily suppress the notice","file":"C:\\xampp\\htdocs\\diormedical\\wp-content\\plugins\\All-In-One-WP-Migration-Pro-master\\lib\\vendor\\servmask\\filter\\class-ai1wm-recursive-newline-filter.php","line":28}

Sep 07 2026 13:31:24
{"type":8192,"message":"Return type of Ai1wm_Recursive_Newline_Filter::accept() should either be compatible with FilterIterator::accept(): bool, or the #[\\ReturnTypeWillChange] attribute should be used to temporarily suppress the notice","file":"C:\\xampp\\htdocs\\diormedical\\wp-content\\plugins\\All-In-One-WP-Migration-Pro-master\\lib\\vendor\\servmask\\filter\\class-ai1wm-recursive-newline-filter.php","line":28}

Sep 07 2026 13:31:26
{"type":8192,"message":"Return type of Ai1wm_Recursive_Newline_Filter::accept() should either be compatible with FilterIterator::accept(): bool, or the #[\\ReturnTypeWillChange] attribute should be used to temporarily suppress the notice","file":"C:\\xampp\\htdocs\\diormedical\\wp-content\\plugins\\All-In-One-WP-Migration-Pro-master\\lib\\vendor\\servmask\\filter\\class-ai1wm-recursive-newline-filter.php","line":28}

Sep 07 2026 13:31:28
{"type":8192,"message":"Return type of Ai1wm_Recursive_Newline_Filter::accept() should either be compatible with FilterIterator::accept(): bool, or the #[\\ReturnTypeWillChange] attribute should be used to temporarily suppress the notice","file":"C:\\xampp\\htdocs\\diormedical\\wp-content\\plugins\\All-In-One-WP-Migration-Pro-master\\lib\\vendor\\servmask\\filter\\class-ai1wm-recursive-newline-filter.php","line":28}

Sep 07 2026 13:31:30
{"type":8192,"message":"Return type of Ai1wm_Recursive_Newline_Filter::accept() should either be compatible with FilterIterator::accept(): bool, or the #[\\ReturnTypeWillChange] attribute should be used to temporarily suppress the notice","file":"C:\\xampp\\htdocs\\diormedical\\wp-content\\plugins\\All-In-One-WP-Migration-Pro-master\\lib\\vendor\\servmask\\filter\\class-ai1wm-recursive-newline-filter.php","line":28}

Sep 07 2026 13:31:34
{"type":8192,"message":"Return type of Ai1wm_Recursive_Newline_Filter::accept() should either be compatible with FilterIterator::accept(): bool, or the #[\\ReturnTypeWillChange] attribute should be used to temporarily suppress the notice","file":"C:\\xampp\\htdocs\\diormedical\\wp-content\\plugins\\All-In-One-WP-Migration-Pro-master\\lib\\vendor\\servmask\\filter\\class-ai1wm-recursive-newline-filter.php","line":28}

Sep 07 2026 13:31:36
{"type":8192,"message":"Return type of Ai1wm_Recursive_Newline_Filter::accept() should either be compatible with FilterIterator::accept(): bool, or the #[\\ReturnTypeWillChange] attribute should be used to temporarily suppress the notice","file":"C:\\xampp\\htdocs\\diormedical\\wp-content\\plugins\\All-In-One-WP-Migration-Pro-master\\lib\\vendor\\servmask\\filter\\class-ai1wm-recursive-newline-filter.php","line":28}

Sep 07 2026 13:31:38
{"type":8192,"message":"Return type of Ai1wm_Recursive_Newline_Filter::accept() should either be compatible with FilterIterator::accept(): bool, or the #[\\ReturnTypeWillChange] attribute should be used to temporarily suppress the notice","file":"C:\\xampp\\htdocs\\diormedical\\wp-content\\plugins\\All-In-One-WP-Migration-Pro-master\\lib\\vendor\\servmask\\filter\\class-ai1wm-recursive-newline-filter.php","line":28}

Sep 07 2026 13:31:40
{"type":8192,"message":"Return type of Ai1wm_Recursive_Newline_Filter::accept() should either be compatible with FilterIterator::accept(): bool, or the #[\\ReturnTypeWillChange] attribute should be used to temporarily suppress the notice","file":"C:\\xampp\\htdocs\\diormedical\\wp-content\\plugins\\All-In-One-WP-Migration-Pro-master\\lib\\vendor\\servmask\\filter\\class-ai1wm-recursive-newline-filter.php","line":28}

Sep 07 2026 13:31:42
{"type":8192,"message":"Return type of Ai1wm_Recursive_Newline_Filter::accept() should either be compatible with FilterIterator::accept(): bool, or the #[\\ReturnTypeWillChange] attribute should be used to temporarily suppress the notice","file":"C:\\xampp\\htdocs\\diormedical\\wp-content\\plugins\\All-In-One-WP-Migration-Pro-master\\lib\\vendor\\servmask\\filter\\class-ai1wm-recursive-newline-filter.php","line":28}

Sep 07 2026 13:31:44
{"type":8192,"message":"Return type of Ai1wm_Recursive_Newline_Filter::accept() should either be compatible with FilterIterator::accept(): bool, or the #[\\ReturnTypeWillChange] attribute should be used to temporarily suppress the notice","file":"C:\\xampp\\htdocs\\diormedical\\wp-content\\plugins\\All-In-One-WP-Migration-Pro-master\\lib\\vendor\\servmask\\filter\\class-ai1wm-recursive-newline-filter.php","line":28}

Sep 07 2026 13:31:46
{"type":8192,"message":"Return type of Ai1wm_Recursive_Newline_Filter::accept() should either be compatible with FilterIterator::accept(): bool, or the #[\\ReturnTypeWillChange] attribute should be used to temporarily suppress the notice","file":"C:\\xampp\\htdocs\\diormedical\\wp-content\\plugins\\All-In-One-WP-Migration-Pro-master\\lib\\vendor\\servmask\\filter\\class-ai1wm-recursive-newline-filter.php","line":28}

Sep 07 2026 13:31:48
{"type":8192,"message":"Return type of Ai1wm_Recursive_Newline_Filter::accept() should either be compatible with FilterIterator::accept(): bool, or the #[\\ReturnTypeWillChange] attribute should be used to temporarily suppress the notice","file":"C:\\xampp\\htdocs\\diormedical\\wp-content\\plugins\\All-In-One-WP-Migration-Pro-master\\lib\\vendor\\servmask\\filter\\class-ai1wm-recursive-newline-filter.php","line":28}

Sep 07 2026 13:31:50
{"type":8192,"message":"Return type of Ai1wm_Recursive_Newline_Filter::accept() should either be compatible with FilterIterator::accept(): bool, or the #[\\ReturnTypeWillChange] attribute should be used to temporarily suppress the notice","file":"C:\\xampp\\htdocs\\diormedical\\wp-content\\plugins\\All-In-One-WP-Migration-Pro-master\\lib\\vendor\\servmask\\filter\\class-ai1wm-recursive-newline-filter.php","line":28}

Sep 07 2026 13:31:52
{"type":8192,"message":"Return type of Ai1wm_Recursive_Newline_Filter::accept() should either be compatible with FilterIterator::accept(): bool, or the #[\\ReturnTypeWillChange] attribute should be used to temporarily suppress the notice","file":"C:\\xampp\\htdocs\\diormedical\\wp-content\\plugins\\All-In-One-WP-Migration-Pro-master\\lib\\vendor\\servmask\\filter\\class-ai1wm-recursive-newline-filter.php","line":28}

Sep 07 2026 13:31:55
{"type":8192,"message":"Return type of Ai1wm_Recursive_Newline_Filter::accept() should either be compatible with FilterIterator::accept(): bool, or the #[\\ReturnTypeWillChange] attribute should be used to temporarily suppress the notice","file":"C:\\xampp\\htdocs\\diormedical\\wp-content\\plugins\\All-In-One-WP-Migration-Pro-master\\lib\\vendor\\servmask\\filter\\class-ai1wm-recursive-newline-filter.php","line":28}

Sep 07 2026 13:31:57
{"type":8192,"message":"Return type of Ai1wm_Recursive_Newline_Filter::accept() should either be compatible with FilterIterator::accept(): bool, or the #[\\ReturnTypeWillChange] attribute should be used to temporarily suppress the notice","file":"C:\\xampp\\htdocs\\diormedical\\wp-content\\plugins\\All-In-One-WP-Migration-Pro-master\\lib\\vendor\\servmask\\filter\\class-ai1wm-recursive-newline-filter.php","line":28}

Sep 07 2026 13:31:59
{"type":8192,"message":"Return type of Ai1wm_Recursive_Newline_Filter::accept() should either be compatible with FilterIterator::accept(): bool, or the #[\\ReturnTypeWillChange] attribute should be used to temporarily suppress the notice","file":"C:\\xampp\\htdocs\\diormedical\\wp-content\\plugins\\All-In-One-WP-Migration-Pro-master\\lib\\vendor\\servmask\\filter\\class-ai1wm-recursive-newline-filter.php","line":28}

Sep 07 2026 13:32:01
{"type":8192,"message":"Return type of Ai1wm_Recursive_Newline_Filter::accept() should either be compatible with FilterIterator::accept(): bool, or the #[\\ReturnTypeWillChange] attribute should be used to temporarily suppress the notice","file":"C:\\xampp\\htdocs\\diormedical\\wp-content\\plugins\\All-In-One-WP-Migration-Pro-master\\lib\\vendor\\servmask\\filter\\class-ai1wm-recursive-newline-filter.php","line":28}

Sep 07 2026 13:32:03
{"type":8192,"message":"Return type of Ai1wm_Recursive_Newline_Filter::accept() should either be compatible with FilterIterator::accept(): bool, or the #[\\ReturnTypeWillChange] attribute should be used to temporarily suppress the notice","file":"C:\\xampp\\htdocs\\diormedical\\wp-content\\plugins\\All-In-One-WP-Migration-Pro-master\\lib\\vendor\\servmask\\filter\\class-ai1wm-recursive-newline-filter.php","line":28}

Sep 07 2026 13:32:05
{"type":8192,"message":"Return type of Ai1wm_Recursive_Newline_Filter::accept() should either be compatible with FilterIterator::accept(): bool, or the #[\\ReturnTypeWillChange] attribute should be used to temporarily suppress the notice","file":"C:\\xampp\\htdocs\\diormedical\\wp-content\\plugins\\All-In-One-WP-Migration-Pro-master\\lib\\vendor\\servmask\\filter\\class-ai1wm-recursive-newline-filter.php","line":28}

Sep 07 2026 13:32:07
{"type":8192,"message":"Return type of Ai1wm_Recursive_Newline_Filter::accept() should either be compatible with FilterIterator::accept(): bool, or the #[\\ReturnTypeWillChange] attribute should be used to temporarily suppress the notice","file":"C:\\xampp\\htdocs\\diormedical\\wp-content\\plugins\\All-In-One-WP-Migration-Pro-master\\lib\\vendor\\servmask\\filter\\class-ai1wm-recursive-newline-filter.php","line":28}

Sep 07 2026 13:32:09
{"type":8192,"message":"Return type of Ai1wm_Recursive_Newline_Filter::accept() should either be compatible with FilterIterator::accept(): bool, or the #[\\ReturnTypeWillChange] attribute should be used to temporarily suppress the notice","file":"C:\\xampp\\htdocs\\diormedical\\wp-content\\plugins\\All-In-One-WP-Migration-Pro-master\\lib\\vendor\\servmask\\filter\\class-ai1wm-recursive-newline-filter.php","line":28}

Sep 07 2026 13:32:11
{"type":8192,"message":"Return type of Ai1wm_Recursive_Newline_Filter::accept() should either be compatible with FilterIterator::accept(): bool, or the #[\\ReturnTypeWillChange] attribute should be used to temporarily suppress the notice","file":"C:\\xampp\\htdocs\\diormedical\\wp-content\\plugins\\All-In-One-WP-Migration-Pro-master\\lib\\vendor\\servmask\\filter\\class-ai1wm-recursive-newline-filter.php","line":28}

Sep 07 2026 13:32:13
{"type":8192,"message":"Return type of Ai1wm_Recursive_Newline_Filter::accept() should either be compatible with FilterIterator::accept(): bool, or the #[\\ReturnTypeWillChange] attribute should be used to temporarily suppress the notice","file":"C:\\xampp\\htdocs\\diormedical\\wp-content\\plugins\\All-In-One-WP-Migration-Pro-master\\lib\\vendor\\servmask\\filter\\class-ai1wm-recursive-newline-filter.php","line":28}

Sep 07 2026 13:32:16
{"type":8192,"message":"Return type of Ai1wm_Recursive_Newline_Filter::accept() should either be compatible with FilterIterator::accept(): bool, or the #[\\ReturnTypeWillChange] attribute should be used to temporarily suppress the notice","file":"C:\\xampp\\htdocs\\diormedical\\wp-content\\plugins\\All-In-One-WP-Migration-Pro-master\\lib\\vendor\\servmask\\filter\\class-ai1wm-recursive-newline-filter.php","line":28}

Sep 07 2026 13:32:18
{"type":8192,"message":"Return type of Ai1wm_Recursive_Newline_Filter::accept() should either be compatible with FilterIterator::accept(): bool, or the #[\\ReturnTypeWillChange] attribute should be used to temporarily suppress the notice","file":"C:\\xampp\\htdocs\\diormedical\\wp-content\\plugins\\All-In-One-WP-Migration-Pro-master\\lib\\vendor\\servmask\\filter\\class-ai1wm-recursive-newline-filter.php","line":28}

Sep 07 2026 13:32:21
{"type":8192,"message":"Return type of Ai1wm_Recursive_Newline_Filter::accept() should either be compatible with FilterIterator::accept(): bool, or the #[\\ReturnTypeWillChange] attribute should be used to temporarily suppress the notice","file":"C:\\xampp\\htdocs\\diormedical\\wp-content\\plugins\\All-In-One-WP-Migration-Pro-master\\lib\\vendor\\servmask\\filter\\class-ai1wm-recursive-newline-filter.php","line":28}

Sep 07 2026 13:32:23
{"type":8192,"message":"Return type of Ai1wm_Recursive_Newline_Filter::accept() should either be compatible with FilterIterator::accept(): bool, or the #[\\ReturnTypeWillChange] attribute should be used to temporarily suppress the notice","file":"C:\\xampp\\htdocs\\diormedical\\wp-content\\plugins\\All-In-One-WP-Migration-Pro-master\\lib\\vendor\\servmask\\filter\\class-ai1wm-recursive-newline-filter.php","line":28}

Sep 07 2026 13:32:25
{"type":8192,"message":"Return type of Ai1wm_Recursive_Newline_Filter::accept() should either be compatible with FilterIterator::accept(): bool, or the #[\\ReturnTypeWillChange] attribute should be used to temporarily suppress the notice","file":"C:\\xampp\\htdocs\\diormedical\\wp-content\\plugins\\All-In-One-WP-Migration-Pro-master\\lib\\vendor\\servmask\\filter\\class-ai1wm-recursive-newline-filter.php","line":28}

Sep 07 2026 13:32:27
{"type":8192,"message":"Return type of Ai1wm_Recursive_Newline_Filter::accept() should either be compatible with FilterIterator::accept(): bool, or the #[\\ReturnTypeWillChange] attribute should be used to temporarily suppress the notice","file":"C:\\xampp\\htdocs\\diormedical\\wp-content\\plugins\\All-In-One-WP-Migration-Pro-master\\lib\\vendor\\servmask\\filter\\class-ai1wm-recursive-newline-filter.php","line":28}

Sep 07 2026 13:32:29
{"type":8192,"message":"Return type of Ai1wm_Recursive_Newline_Filter::accept() should either be compatible with FilterIterator::accept(): bool, or the #[\\ReturnTypeWillChange] attribute should be used to temporarily suppress the notice","file":"C:\\xampp\\htdocs\\diormedical\\wp-content\\plugins\\All-In-One-WP-Migration-Pro-master\\lib\\vendor\\servmask\\filter\\class-ai1wm-recursive-newline-filter.php","line":28}

Sep 07 2026 13:32:31
{"type":8192,"message":"Return type of Ai1wm_Recursive_Newline_Filter::accept() should either be compatible with FilterIterator::accept(): bool, or the #[\\ReturnTypeWillChange] attribute should be used to temporarily suppress the notice","file":"C:\\xampp\\htdocs\\diormedical\\wp-content\\plugins\\All-In-One-WP-Migration-Pro-master\\lib\\vendor\\servmask\\filter\\class-ai1wm-recursive-newline-filter.php","line":28}

Sep 07 2026 13:32:33
{"type":8192,"message":"Return type of Ai1wm_Recursive_Newline_Filter::accept() should either be compatible with FilterIterator::accept(): bool, or the #[\\ReturnTypeWillChange] attribute should be used to temporarily suppress the notice","file":"C:\\xampp\\htdocs\\diormedical\\wp-content\\plugins\\All-In-One-WP-Migration-Pro-master\\lib\\vendor\\servmask\\filter\\class-ai1wm-recursive-newline-filter.php","line":28}

Sep 07 2026 13:32:35
{"type":8192,"message":"Return type of Ai1wm_Recursive_Newline_Filter::accept() should either be compatible with FilterIterator::accept(): bool, or the #[\\ReturnTypeWillChange] attribute should be used to temporarily suppress the notice","file":"C:\\xampp\\htdocs\\diormedical\\wp-content\\plugins\\All-In-One-WP-Migration-Pro-master\\lib\\vendor\\servmask\\filter\\class-ai1wm-recursive-newline-filter.php","line":28}

Sep 07 2026 13:32:38
{"type":8192,"message":"Return type of Ai1wm_Recursive_Newline_Filter::accept() should either be compatible with FilterIterator::accept(): bool, or the #[\\ReturnTypeWillChange] attribute should be used to temporarily suppress the notice","file":"C:\\xampp\\htdocs\\diormedical\\wp-content\\plugins\\All-In-One-WP-Migration-Pro-master\\lib\\vendor\\servmask\\filter\\class-ai1wm-recursive-newline-filter.php","line":28}

Sep 07 2026 13:32:40
{"type":8192,"message":"Return type of Ai1wm_Recursive_Newline_Filter::accept() should either be compatible with FilterIterator::accept(): bool, or the #[\\ReturnTypeWillChange] attribute should be used to temporarily suppress the notice","file":"C:\\xampp\\htdocs\\diormedical\\wp-content\\plugins\\All-In-One-WP-Migration-Pro-master\\lib\\vendor\\servmask\\filter\\class-ai1wm-recursive-newline-filter.php","line":28}

Sep 07 2026 13:32:42
{"type":8192,"message":"Return type of Ai1wm_Recursive_Newline_Filter::accept() should either be compatible with FilterIterator::accept(): bool, or the #[\\ReturnTypeWillChange] attribute should be used to temporarily suppress the notice","file":"C:\\xampp\\htdocs\\diormedical\\wp-content\\plugins\\All-In-One-WP-Migration-Pro-master\\lib\\vendor\\servmask\\filter\\class-ai1wm-recursive-newline-filter.php","line":28}

Sep 07 2026 13:32:44
{"type":8192,"message":"Return type of Ai1wm_Recursive_Newline_Filter::accept() should either be compatible with FilterIterator::accept(): bool, or the #[\\ReturnTypeWillChange] attribute should be used to temporarily suppress the notice","file":"C:\\xampp\\htdocs\\diormedical\\wp-content\\plugins\\All-In-One-WP-Migration-Pro-master\\lib\\vendor\\servmask\\filter\\class-ai1wm-recursive-newline-filter.php","line":28}

Sep 07 2026 13:32:46
{"type":8192,"message":"Return type of Ai1wm_Recursive_Newline_Filter::accept() should either be compatible with FilterIterator::accept(): bool, or the #[\\ReturnTypeWillChange] attribute should be used to temporarily suppress the notice","file":"C:\\xampp\\htdocs\\diormedical\\wp-content\\plugins\\All-In-One-WP-Migration-Pro-master\\lib\\vendor\\servmask\\filter\\class-ai1wm-recursive-newline-filter.php","line":28}

Sep 07 2026 13:32:48
{"type":8192,"message":"Return type of Ai1wm_Recursive_Newline_Filter::accept() should either be compatible with FilterIterator::accept(): bool, or the #[\\ReturnTypeWillChange] attribute should be used to temporarily suppress the notice","file":"C:\\xampp\\htdocs\\diormedical\\wp-content\\plugins\\All-In-One-WP-Migration-Pro-master\\lib\\vendor\\servmask\\filter\\class-ai1wm-recursive-newline-filter.php","line":28}

Sep 07 2026 13:32:50
{"type":8192,"message":"Return type of Ai1wm_Recursive_Newline_Filter::accept() should either be compatible with FilterIterator::accept(): bool, or the #[\\ReturnTypeWillChange] attribute should be used to temporarily suppress the notice","file":"C:\\xampp\\htdocs\\diormedical\\wp-content\\plugins\\All-In-One-WP-Migration-Pro-master\\lib\\vendor\\servmask\\filter\\class-ai1wm-recursive-newline-filter.php","line":28}

Sep 07 2026 13:32:52
{"type":8192,"message":"Return type of Ai1wm_Recursive_Newline_Filter::accept() should either be compatible with FilterIterator::accept(): bool, or the #[\\ReturnTypeWillChange] attribute should be used to temporarily suppress the notice","file":"C:\\xampp\\htdocs\\diormedical\\wp-content\\plugins\\All-In-One-WP-Migration-Pro-master\\lib\\vendor\\servmask\\filter\\class-ai1wm-recursive-newline-filter.php","line":28}

Sep 07 2026 13:32:54
{"type":8192,"message":"Return type of Ai1wm_Recursive_Newline_Filter::accept() should either be compatible with FilterIterator::accept(): bool, or the #[\\ReturnTypeWillChange] attribute should be used to temporarily suppress the notice","file":"C:\\xampp\\htdocs\\diormedical\\wp-content\\plugins\\All-In-One-WP-Migration-Pro-master\\lib\\vendor\\servmask\\filter\\class-ai1wm-recursive-newline-filter.php","line":28}

Sep 07 2026 13:32:57
{"type":8192,"message":"Return type of Ai1wm_Recursive_Newline_Filter::accept() should either be compatible with FilterIterator::accept(): bool, or the #[\\ReturnTypeWillChange] attribute should be used to temporarily suppress the notice","file":"C:\\xampp\\htdocs\\diormedical\\wp-content\\plugins\\All-In-One-WP-Migration-Pro-master\\lib\\vendor\\servmask\\filter\\class-ai1wm-recursive-newline-filter.php","line":28}

Sep 07 2026 13:32:59
{"type":8192,"message":"Return type of Ai1wm_Recursive_Newline_Filter::accept() should either be compatible with FilterIterator::accept(): bool, or the #[\\ReturnTypeWillChange] attribute should be used to temporarily suppress the notice","file":"C:\\xampp\\htdocs\\diormedical\\wp-content\\plugins\\All-In-One-WP-Migration-Pro-master\\lib\\vendor\\servmask\\filter\\class-ai1wm-recursive-newline-filter.php","line":28}

Sep 07 2026 13:33:01
{"type":8192,"message":"Return type of Ai1wm_Recursive_Newline_Filter::accept() should either be compatible with FilterIterator::accept(): bool, or the #[\\ReturnTypeWillChange] attribute should be used to temporarily suppress the notice","file":"C:\\xampp\\htdocs\\diormedical\\wp-content\\plugins\\All-In-One-WP-Migration-Pro-master\\lib\\vendor\\servmask\\filter\\class-ai1wm-recursive-newline-filter.php","line":28}

Sep 07 2026 13:33:03
{"type":8192,"message":"Return type of Ai1wm_Recursive_Newline_Filter::accept() should either be compatible with FilterIterator::accept(): bool, or the #[\\ReturnTypeWillChange] attribute should be used to temporarily suppress the notice","file":"C:\\xampp\\htdocs\\diormedical\\wp-content\\plugins\\All-In-One-WP-Migration-Pro-master\\lib\\vendor\\servmask\\filter\\class-ai1wm-recursive-newline-filter.php","line":28}

Sep 07 2026 13:33:05
{"type":8192,"message":"Return type of Ai1wm_Recursive_Newline_Filter::accept() should either be compatible with FilterIterator::accept(): bool, or the #[\\ReturnTypeWillChange] attribute should be used to temporarily suppress the notice","file":"C:\\xampp\\htdocs\\diormedical\\wp-content\\plugins\\All-In-One-WP-Migration-Pro-master\\lib\\vendor\\servmask\\filter\\class-ai1wm-recursive-newline-filter.php","line":28}

Sep 07 2026 13:33:07
{"type":8192,"message":"Return type of Ai1wm_Recursive_Newline_Filter::accept() should either be compatible with FilterIterator::accept(): bool, or the #[\\ReturnTypeWillChange] attribute should be used to temporarily suppress the notice","file":"C:\\xampp\\htdocs\\diormedical\\wp-content\\plugins\\All-In-One-WP-Migration-Pro-master\\lib\\vendor\\servmask\\filter\\class-ai1wm-recursive-newline-filter.php","line":28}

Sep 07 2026 13:33:09
{"type":8192,"message":"Return type of Ai1wm_Recursive_Newline_Filter::accept() should either be compatible with FilterIterator::accept(): bool, or the #[\\ReturnTypeWillChange] attribute should be used to temporarily suppress the notice","file":"C:\\xampp\\htdocs\\diormedical\\wp-content\\plugins\\All-In-One-WP-Migration-Pro-master\\lib\\vendor\\servmask\\filter\\class-ai1wm-recursive-newline-filter.php","line":28}

Sep 07 2026 13:33:11
{"type":8192,"message":"Return type of Ai1wm_Recursive_Newline_Filter::accept() should either be compatible with FilterIterator::accept(): bool, or the #[\\ReturnTypeWillChange] attribute should be used to temporarily suppress the notice","file":"C:\\xampp\\htdocs\\diormedical\\wp-content\\plugins\\All-In-One-WP-Migration-Pro-master\\lib\\vendor\\servmask\\filter\\class-ai1wm-recursive-newline-filter.php","line":28}

Sep 07 2026 13:33:13
{"type":8192,"message":"Return type of Ai1wm_Recursive_Newline_Filter::accept() should either be compatible with FilterIterator::accept(): bool, or the #[\\ReturnTypeWillChange] attribute should be used to temporarily suppress the notice","file":"C:\\xampp\\htdocs\\diormedical\\wp-content\\plugins\\All-In-One-WP-Migration-Pro-master\\lib\\vendor\\servmask\\filter\\class-ai1wm-recursive-newline-filter.php","line":28}

Sep 07 2026 13:33:16
{"type":8192,"message":"Return type of Ai1wm_Recursive_Newline_Filter::accept() should either be compatible with FilterIterator::accept(): bool, or the #[\\ReturnTypeWillChange] attribute should be used to temporarily suppress the notice","file":"C:\\xampp\\htdocs\\diormedical\\wp-content\\plugins\\All-In-One-WP-Migration-Pro-master\\lib\\vendor\\servmask\\filter\\class-ai1wm-recursive-newline-filter.php","line":28}

Sep 07 2026 13:33:19
{"type":8192,"message":"Return type of Ai1wm_Recursive_Newline_Filter::accept() should either be compatible with FilterIterator::accept(): bool, or the #[\\ReturnTypeWillChange] attribute should be used to temporarily suppress the notice","file":"C:\\xampp\\htdocs\\diormedical\\wp-content\\plugins\\All-In-One-WP-Migration-Pro-master\\lib\\vendor\\servmask\\filter\\class-ai1wm-recursive-newline-filter.php","line":28}

Sep 07 2026 13:33:21
{"type":8192,"message":"Return type of Ai1wm_Recursive_Newline_Filter::accept() should either be compatible with FilterIterator::accept(): bool, or the #[\\ReturnTypeWillChange] attribute should be used to temporarily suppress the notice","file":"C:\\xampp\\htdocs\\diormedical\\wp-content\\plugins\\All-In-One-WP-Migration-Pro-master\\lib\\vendor\\servmask\\filter\\class-ai1wm-recursive-newline-filter.php","line":28}

Sep 07 2026 13:33:23
{"type":8192,"message":"Return type of Ai1wm_Recursive_Newline_Filter::accept() should either be compatible with FilterIterator::accept(): bool, or the #[\\ReturnTypeWillChange] attribute should be used to temporarily suppress the notice","file":"C:\\xampp\\htdocs\\diormedical\\wp-content\\plugins\\All-In-One-WP-Migration-Pro-master\\lib\\vendor\\servmask\\filter\\class-ai1wm-recursive-newline-filter.php","line":28}

Sep 07 2026 13:33:26
{"type":8192,"message":"Return type of Ai1wm_Recursive_Newline_Filter::accept() should either be compatible with FilterIterator::accept(): bool, or the #[\\ReturnTypeWillChange] attribute should be used to temporarily suppress the notice","file":"C:\\xampp\\htdocs\\diormedical\\wp-content\\plugins\\All-In-One-WP-Migration-Pro-master\\lib\\vendor\\servmask\\filter\\class-ai1wm-recursive-newline-filter.php","line":28}

Sep 07 2026 13:33:28
{"type":8192,"message":"Return type of Ai1wm_Recursive_Newline_Filter::accept() should either be compatible with FilterIterator::accept(): bool, or the #[\\ReturnTypeWillChange] attribute should be used to temporarily suppress the notice","file":"C:\\xampp\\htdocs\\diormedical\\wp-content\\plugins\\All-In-One-WP-Migration-Pro-master\\lib\\vendor\\servmask\\filter\\class-ai1wm-recursive-newline-filter.php","line":28}

Sep 07 2026 13:33:30
{"type":8192,"message":"Return type of Ai1wm_Recursive_Newline_Filter::accept() should either be compatible with FilterIterator::accept(): bool, or the #[\\ReturnTypeWillChange] attribute should be used to temporarily suppress the notice","file":"C:\\xampp\\htdocs\\diormedical\\wp-content\\plugins\\All-In-One-WP-Migration-Pro-master\\lib\\vendor\\servmask\\filter\\class-ai1wm-recursive-newline-filter.php","line":28}

Sep 07 2026 13:33:33
{"type":8192,"message":"Return type of Ai1wm_Recursive_Newline_Filter::accept() should either be compatible with FilterIterator::accept(): bool, or the #[\\ReturnTypeWillChange] attribute should be used to temporarily suppress the notice","file":"C:\\xampp\\htdocs\\diormedical\\wp-content\\plugins\\All-In-One-WP-Migration-Pro-master\\lib\\vendor\\servmask\\filter\\class-ai1wm-recursive-newline-filter.php","line":28}

Sep 07 2026 13:33:35
{"type":8192,"message":"Return type of Ai1wm_Recursive_Newline_Filter::accept() should either be compatible with FilterIterator::accept(): bool, or the #[\\ReturnTypeWillChange] attribute should be used to temporarily suppress the notice","file":"C:\\xampp\\htdocs\\diormedical\\wp-content\\plugins\\All-In-One-WP-Migration-Pro-master\\lib\\vendor\\servmask\\filter\\class-ai1wm-recursive-newline-filter.php","line":28}

Sep 07 2026 13:33:37
{"type":8192,"message":"Return type of Ai1wm_Recursive_Newline_Filter::accept() should either be compatible with FilterIterator::accept(): bool, or the #[\\ReturnTypeWillChange] attribute should be used to temporarily suppress the notice","file":"C:\\xampp\\htdocs\\diormedical\\wp-content\\plugins\\All-In-One-WP-Migration-Pro-master\\lib\\vendor\\servmask\\filter\\class-ai1wm-recursive-newline-filter.php","line":28}

Sep 07 2026 13:33:39
{"type":8192,"message":"Return type of Ai1wm_Recursive_Newline_Filter::accept() should either be compatible with FilterIterator::accept(): bool, or the #[\\ReturnTypeWillChange] attribute should be used to temporarily suppress the notice","file":"C:\\xampp\\htdocs\\diormedical\\wp-content\\plugins\\All-In-One-WP-Migration-Pro-master\\lib\\vendor\\servmask\\filter\\class-ai1wm-recursive-newline-filter.php","line":28}

Sep 07 2026 13:33:41
{"type":8192,"message":"Return type of Ai1wm_Recursive_Newline_Filter::accept() should either be compatible with FilterIterator::accept(): bool, or the #[\\ReturnTypeWillChange] attribute should be used to temporarily suppress the notice","file":"C:\\xampp\\htdocs\\diormedical\\wp-content\\plugins\\All-In-One-WP-Migration-Pro-master\\lib\\vendor\\servmask\\filter\\class-ai1wm-recursive-newline-filter.php","line":28}

Sep 07 2026 13:33:43
{"type":8192,"message":"Return type of Ai1wm_Recursive_Newline_Filter::accept() should either be compatible with FilterIterator::accept(): bool, or the #[\\ReturnTypeWillChange] attribute should be used to temporarily suppress the notice","file":"C:\\xampp\\htdocs\\diormedical\\wp-content\\plugins\\All-In-One-WP-Migration-Pro-master\\lib\\vendor\\servmask\\filter\\class-ai1wm-recursive-newline-filter.php","line":28}

Sep 07 2026 13:33:45
{"type":8192,"message":"Return type of Ai1wm_Recursive_Newline_Filter::accept() should either be compatible with FilterIterator::accept(): bool, or the #[\\ReturnTypeWillChange] attribute should be used to temporarily suppress the notice","file":"C:\\xampp\\htdocs\\diormedical\\wp-content\\plugins\\All-In-One-WP-Migration-Pro-master\\lib\\vendor\\servmask\\filter\\class-ai1wm-recursive-newline-filter.php","line":28}

Sep 07 2026 13:33:47
{"type":8192,"message":"Return type of Ai1wm_Recursive_Newline_Filter::accept() should either be compatible with FilterIterator::accept(): bool, or the #[\\ReturnTypeWillChange] attribute should be used to temporarily suppress the notice","file":"C:\\xampp\\htdocs\\diormedical\\wp-content\\plugins\\All-In-One-WP-Migration-Pro-master\\lib\\vendor\\servmask\\filter\\class-ai1wm-recursive-newline-filter.php","line":28}

Sep 07 2026 13:33:49
{"type":8192,"message":"Return type of Ai1wm_Recursive_Newline_Filter::accept() should either be compatible with FilterIterator::accept(): bool, or the #[\\ReturnTypeWillChange] attribute should be used to temporarily suppress the notice","file":"C:\\xampp\\htdocs\\diormedical\\wp-content\\plugins\\All-In-One-WP-Migration-Pro-master\\lib\\vendor\\servmask\\filter\\class-ai1wm-recursive-newline-filter.php","line":28}

Sep 07 2026 13:33:51
{"type":8192,"message":"Return type of Ai1wm_Recursive_Newline_Filter::accept() should either be compatible with FilterIterator::accept(): bool, or the #[\\ReturnTypeWillChange] attribute should be used to temporarily suppress the notice","file":"C:\\xampp\\htdocs\\diormedical\\wp-content\\plugins\\All-In-One-WP-Migration-Pro-master\\lib\\vendor\\servmask\\filter\\class-ai1wm-recursive-newline-filter.php","line":28}

Sep 07 2026 13:33:53
{"type":8192,"message":"Return type of Ai1wm_Recursive_Newline_Filter::accept() should either be compatible with FilterIterator::accept(): bool, or the #[\\ReturnTypeWillChange] attribute should be used to temporarily suppress the notice","file":"C:\\xampp\\htdocs\\diormedical\\wp-content\\plugins\\All-In-One-WP-Migration-Pro-master\\lib\\vendor\\servmask\\filter\\class-ai1wm-recursive-newline-filter.php","line":28}

Sep 07 2026 13:33:55
{"type":8192,"message":"Return type of Ai1wm_Recursive_Newline_Filter::accept() should either be compatible with FilterIterator::accept(): bool, or the #[\\ReturnTypeWillChange] attribute should be used to temporarily suppress the notice","file":"C:\\xampp\\htdocs\\diormedical\\wp-content\\plugins\\All-In-One-WP-Migration-Pro-master\\lib\\vendor\\servmask\\filter\\class-ai1wm-recursive-newline-filter.php","line":28}

Sep 07 2026 13:33:57
{"type":8192,"message":"Return type of Ai1wm_Recursive_Newline_Filter::accept() should either be compatible with FilterIterator::accept(): bool, or the #[\\ReturnTypeWillChange] attribute should be used to temporarily suppress the notice","file":"C:\\xampp\\htdocs\\diormedical\\wp-content\\plugins\\All-In-One-WP-Migration-Pro-master\\lib\\vendor\\servmask\\filter\\class-ai1wm-recursive-newline-filter.php","line":28}

Sep 07 2026 13:34:00
{"type":8192,"message":"Return type of Ai1wm_Recursive_Newline_Filter::accept() should either be compatible with FilterIterator::accept(): bool, or the #[\\ReturnTypeWillChange] attribute should be used to temporarily suppress the notice","file":"C:\\xampp\\htdocs\\diormedical\\wp-content\\plugins\\All-In-One-WP-Migration-Pro-master\\lib\\vendor\\servmask\\filter\\class-ai1wm-recursive-newline-filter.php","line":28}

Sep 07 2026 13:34:02
{"type":8192,"message":"Return type of Ai1wm_Recursive_Newline_Filter::accept() should either be compatible with FilterIterator::accept(): bool, or the #[\\ReturnTypeWillChange] attribute should be used to temporarily suppress the notice","file":"C:\\xampp\\htdocs\\diormedical\\wp-content\\plugins\\All-In-One-WP-Migration-Pro-master\\lib\\vendor\\servmask\\filter\\class-ai1wm-recursive-newline-filter.php","line":28}

Sep 07 2026 13:34:04
{"type":8192,"message":"Return type of Ai1wm_Recursive_Newline_Filter::accept() should either be compatible with FilterIterator::accept(): bool, or the #[\\ReturnTypeWillChange] attribute should be used to temporarily suppress the notice","file":"C:\\xampp\\htdocs\\diormedical\\wp-content\\plugins\\All-In-One-WP-Migration-Pro-master\\lib\\vendor\\servmask\\filter\\class-ai1wm-recursive-newline-filter.php","line":28}

Sep 07 2026 13:34:06
{"type":8192,"message":"Return type of Ai1wm_Recursive_Newline_Filter::accept() should either be compatible with FilterIterator::accept(): bool, or the #[\\ReturnTypeWillChange] attribute should be used to temporarily suppress the notice","file":"C:\\xampp\\htdocs\\diormedical\\wp-content\\plugins\\All-In-One-WP-Migration-Pro-master\\lib\\vendor\\servmask\\filter\\class-ai1wm-recursive-newline-filter.php","line":28}

Sep 07 2026 13:34:08
{"type":8192,"message":"Return type of Ai1wm_Recursive_Newline_Filter::accept() should either be compatible with FilterIterator::accept(): bool, or the #[\\ReturnTypeWillChange] attribute should be used to temporarily suppress the notice","file":"C:\\xampp\\htdocs\\diormedical\\wp-content\\plugins\\All-In-One-WP-Migration-Pro-master\\lib\\vendor\\servmask\\filter\\class-ai1wm-recursive-newline-filter.php","line":28}

Sep 07 2026 13:34:10
{"type":8192,"message":"Return type of Ai1wm_Recursive_Newline_Filter::accept() should either be compatible with FilterIterator::accept(): bool, or the #[\\ReturnTypeWillChange] attribute should be used to temporarily suppress the notice","file":"C:\\xampp\\htdocs\\diormedical\\wp-content\\plugins\\All-In-One-WP-Migration-Pro-master\\lib\\vendor\\servmask\\filter\\class-ai1wm-recursive-newline-filter.php","line":28}

Sep 07 2026 13:34:13
{"type":8192,"message":"Return type of Ai1wm_Recursive_Newline_Filter::accept() should either be compatible with FilterIterator::accept(): bool, or the #[\\ReturnTypeWillChange] attribute should be used to temporarily suppress the notice","file":"C:\\xampp\\htdocs\\diormedical\\wp-content\\plugins\\All-In-One-WP-Migration-Pro-master\\lib\\vendor\\servmask\\filter\\class-ai1wm-recursive-newline-filter.php","line":28}

Sep 07 2026 13:34:16
{"type":8192,"message":"Return type of Ai1wm_Recursive_Newline_Filter::accept() should either be compatible with FilterIterator::accept(): bool, or the #[\\ReturnTypeWillChange] attribute should be used to temporarily suppress the notice","file":"C:\\xampp\\htdocs\\diormedical\\wp-content\\plugins\\All-In-One-WP-Migration-Pro-master\\lib\\vendor\\servmask\\filter\\class-ai1wm-recursive-newline-filter.php","line":28}

Sep 07 2026 13:34:18
{"type":8192,"message":"Return type of Ai1wm_Recursive_Newline_Filter::accept() should either be compatible with FilterIterator::accept(): bool, or the #[\\ReturnTypeWillChange] attribute should be used to temporarily suppress the notice","file":"C:\\xampp\\htdocs\\diormedical\\wp-content\\plugins\\All-In-One-WP-Migration-Pro-master\\lib\\vendor\\servmask\\filter\\class-ai1wm-recursive-newline-filter.php","line":28}

Sep 07 2026 13:34:20
{"type":8192,"message":"Return type of Ai1wm_Recursive_Newline_Filter::accept() should either be compatible with FilterIterator::accept(): bool, or the #[\\ReturnTypeWillChange] attribute should be used to temporarily suppress the notice","file":"C:\\xampp\\htdocs\\diormedical\\wp-content\\plugins\\All-In-One-WP-Migration-Pro-master\\lib\\vendor\\servmask\\filter\\class-ai1wm-recursive-newline-filter.php","line":28}

Sep 07 2026 13:34:22
{"type":8192,"message":"Return type of Ai1wm_Recursive_Newline_Filter::accept() should either be compatible with FilterIterator::accept(): bool, or the #[\\ReturnTypeWillChange] attribute should be used to temporarily suppress the notice","file":"C:\\xampp\\htdocs\\diormedical\\wp-content\\plugins\\All-In-One-WP-Migration-Pro-master\\lib\\vendor\\servmask\\filter\\class-ai1wm-recursive-newline-filter.php","line":28}

Sep 07 2026 13:34:24
{"type":8192,"message":"Return type of Ai1wm_Recursive_Newline_Filter::accept() should either be compatible with FilterIterator::accept(): bool, or the #[\\ReturnTypeWillChange] attribute should be used to temporarily suppress the notice","file":"C:\\xampp\\htdocs\\diormedical\\wp-content\\plugins\\All-In-One-WP-Migration-Pro-master\\lib\\vendor\\servmask\\filter\\class-ai1wm-recursive-newline-filter.php","line":28}

Sep 07 2026 13:34:27
{"type":8192,"message":"Return type of Ai1wm_Recursive_Newline_Filter::accept() should either be compatible with FilterIterator::accept(): bool, or the #[\\ReturnTypeWillChange] attribute should be used to temporarily suppress the notice","file":"C:\\xampp\\htdocs\\diormedical\\wp-content\\plugins\\All-In-One-WP-Migration-Pro-master\\lib\\vendor\\servmask\\filter\\class-ai1wm-recursive-newline-filter.php","line":28}

Sep 07 2026 13:34:29
{"type":8192,"message":"Return type of Ai1wm_Recursive_Newline_Filter::accept() should either be compatible with FilterIterator::accept(): bool, or the #[\\ReturnTypeWillChange] attribute should be used to temporarily suppress the notice","file":"C:\\xampp\\htdocs\\diormedical\\wp-content\\plugins\\All-In-One-WP-Migration-Pro-master\\lib\\vendor\\servmask\\filter\\class-ai1wm-recursive-newline-filter.php","line":28}

Sep 07 2026 13:34:31
{"type":8192,"message":"Return type of Ai1wm_Recursive_Newline_Filter::accept() should either be compatible with FilterIterator::accept(): bool, or the #[\\ReturnTypeWillChange] attribute should be used to temporarily suppress the notice","file":"C:\\xampp\\htdocs\\diormedical\\wp-content\\plugins\\All-In-One-WP-Migration-Pro-master\\lib\\vendor\\servmask\\filter\\class-ai1wm-recursive-newline-filter.php","line":28}

Sep 07 2026 13:34:43
{"type":8192,"message":"Return type of Ai1wm_Recursive_Newline_Filter::accept() should either be compatible with FilterIterator::accept(): bool, or the #[\\ReturnTypeWillChange] attribute should be used to temporarily suppress the notice","file":"C:\\xampp\\htdocs\\diormedical\\wp-content\\plugins\\All-In-One-WP-Migration-Pro-master\\lib\\vendor\\servmask\\filter\\class-ai1wm-recursive-newline-filter.php","line":28}

Sep 07 2026 13:34:45
{"type":8192,"message":"Return type of Ai1wm_Recursive_Newline_Filter::accept() should either be compatible with FilterIterator::accept(): bool, or the #[\\ReturnTypeWillChange] attribute should be used to temporarily suppress the notice","file":"C:\\xampp\\htdocs\\diormedical\\wp-content\\plugins\\All-In-One-WP-Migration-Pro-master\\lib\\vendor\\servmask\\filter\\class-ai1wm-recursive-newline-filter.php","line":28}

Sep 07 2026 13:34:57
{"type":8192,"message":"Return type of Ai1wm_Recursive_Newline_Filter::accept() should either be compatible with FilterIterator::accept(): bool, or the #[\\ReturnTypeWillChange] attribute should be used to temporarily suppress the notice","file":"C:\\xampp\\htdocs\\diormedical\\wp-content\\plugins\\All-In-One-WP-Migration-Pro-master\\lib\\vendor\\servmask\\filter\\class-ai1wm-recursive-newline-filter.php","line":28}

Sep 07 2026 13:35:09
{"type":8192,"message":"Return type of Ai1wm_Recursive_Newline_Filter::accept() should either be compatible with FilterIterator::accept(): bool, or the #[\\ReturnTypeWillChange] attribute should be used to temporarily suppress the notice","file":"C:\\xampp\\htdocs\\diormedical\\wp-content\\plugins\\All-In-One-WP-Migration-Pro-master\\lib\\vendor\\servmask\\filter\\class-ai1wm-recursive-newline-filter.php","line":28}

Sep 07 2026 13:35:22
{"type":8192,"message":"Return type of Ai1wm_Recursive_Newline_Filter::accept() should either be compatible with FilterIterator::accept(): bool, or the #[\\ReturnTypeWillChange] attribute should be used to temporarily suppress the notice","file":"C:\\xampp\\htdocs\\diormedical\\wp-content\\plugins\\All-In-One-WP-Migration-Pro-master\\lib\\vendor\\servmask\\filter\\class-ai1wm-recursive-newline-filter.php","line":28}

Sep 07 2026 13:35:26
{"type":8192,"message":"Return type of Ai1wm_Recursive_Newline_Filter::accept() should either be compatible with FilterIterator::accept(): bool, or the #[\\ReturnTypeWillChange] attribute should be used to temporarily suppress the notice","file":"C:\\xampp\\htdocs\\diormedical\\wp-content\\plugins\\All-In-One-WP-Migration-Pro-master\\lib\\vendor\\servmask\\filter\\class-ai1wm-recursive-newline-filter.php","line":28}

Sep 07 2026 13:35:28
{"type":8192,"message":"Return type of Ai1wm_Recursive_Newline_Filter::accept() should either be compatible with FilterIterator::accept(): bool, or the #[\\ReturnTypeWillChange] attribute should be used to temporarily suppress the notice","file":"C:\\xampp\\htdocs\\diormedical\\wp-content\\plugins\\All-In-One-WP-Migration-Pro-master\\lib\\vendor\\servmask\\filter\\class-ai1wm-recursive-newline-filter.php","line":28}

Sep 07 2026 13:35:30
{"Number":8192,"Message":"Creation of dynamic property Ai1wm_Database_Mysqli::$old_replace_raw_values is deprecated","File":"C:\\xampp\\htdocs\\diormedical\\wp-content\\plugins\\All-In-One-WP-Migration-Pro-master\\lib\\vendor\\servmask\\database\\class-ai1wm-database.php","Line":300}

Sep 07 2026 13:35:30
{"Number":8192,"Message":"Creation of dynamic property Ai1wm_Database_Mysqli::$new_replace_raw_values is deprecated","File":"C:\\xampp\\htdocs\\diormedical\\wp-content\\plugins\\All-In-One-WP-Migration-Pro-master\\lib\\vendor\\servmask\\database\\class-ai1wm-database.php","Line":321}

Sep 07 2026 13:35:40
{"type":8192,"message":"Return type of Ai1wm_Recursive_Newline_Filter::accept() should either be compatible with FilterIterator::accept(): bool, or the #[\\ReturnTypeWillChange] attribute should be used to temporarily suppress the notice","file":"C:\\xampp\\htdocs\\diormedical\\wp-content\\plugins\\All-In-One-WP-Migration-Pro-master\\lib\\vendor\\servmask\\filter\\class-ai1wm-recursive-newline-filter.php","line":28}

Sep 07 2026 13:35:41
{"Number":8192,"Message":"Creation of dynamic property Ai1wm_Database_Mysqli::$old_replace_raw_values is deprecated","File":"C:\\xampp\\htdocs\\diormedical\\wp-content\\plugins\\All-In-One-WP-Migration-Pro-master\\lib\\vendor\\servmask\\database\\class-ai1wm-database.php","Line":300}

Sep 07 2026 13:35:41
{"Number":8192,"Message":"Creation of dynamic property Ai1wm_Database_Mysqli::$new_replace_raw_values is deprecated","File":"C:\\xampp\\htdocs\\diormedical\\wp-content\\plugins\\All-In-One-WP-Migration-Pro-master\\lib\\vendor\\servmask\\database\\class-ai1wm-database.php","Line":321}

Sep 07 2026 13:35:46
{"type":8192,"message":"Return type of Ai1wm_Recursive_Newline_Filter::accept() should either be compatible with FilterIterator::accept(): bool, or the #[\\ReturnTypeWillChange] attribute should be used to temporarily suppress the notice","file":"C:\\xampp\\htdocs\\diormedical\\wp-content\\plugins\\All-In-One-WP-Migration-Pro-master\\lib\\vendor\\servmask\\filter\\class-ai1wm-recursive-newline-filter.php","line":28}

Sep 07 2026 13:35:47
{"type":8192,"message":"Return type of Ai1wm_Recursive_Newline_Filter::accept() should either be compatible with FilterIterator::accept(): bool, or the #[\\ReturnTypeWillChange] attribute should be used to temporarily suppress the notice","file":"C:\\xampp\\htdocs\\diormedical\\wp-content\\plugins\\All-In-One-WP-Migration-Pro-master\\lib\\vendor\\servmask\\filter\\class-ai1wm-recursive-newline-filter.php","line":28}

Sep 07 2026 13:35:52
{"type":2,"message":"dns_get_record(): DNS Query failed","file":"C:\\xampp\\htdocs\\diormedical\\wp-content\\plugins\\wordfence\\lib\\wfUtils.php","line":1475}

Sep 15 2026 07:59:33
{"type":2,"message":"dns_get_record(): DNS Query failed","file":"C:\\xampp\\htdocs\\diormedical\\wp-content\\plugins\\wordfence-old\\lib\\wfUtils.php","line":1475}

Sep 15 2026 07:59:35
{"type":2,"message":"dns_get_record(): DNS Query failed","file":"C:\\xampp\\htdocs\\diormedical\\wp-content\\plugins\\wordfence-old\\lib\\wfUtils.php","line":1475}

Sep 15 2026 07:59:37
{"type":2,"message":"dns_get_record(): DNS Query failed","file":"C:\\xampp\\htdocs\\diormedical\\wp-content\\plugins\\wordfence-old\\lib\\wfUtils.php","line":1475}

Sep 15 2026 07:59:40
{"type":2,"message":"dns_get_record(): DNS Query failed","file":"C:\\xampp\\htdocs\\diormedical\\wp-content\\plugins\\wordfence-old\\lib\\wfUtils.php","line":1475}

Sep 15 2026 07:59:43
{"type":2,"message":"dns_get_record(): DNS Query failed","file":"C:\\xampp\\htdocs\\diormedical\\wp-content\\plugins\\wordfence-old\\lib\\wfUtils.php","line":1475}

Sep 15 2026 07:59:45
{"type":2,"message":"dns_get_record(): DNS Query failed","file":"C:\\xampp\\htdocs\\diormedical\\wp-content\\plugins\\wordfence-old\\lib\\wfUtils.php","line":1475}

Sep 15 2026 07:59:48
{"type":2,"message":"dns_get_record(): DNS Query failed","file":"C:\\xampp\\htdocs\\diormedical\\wp-content\\plugins\\wordfence-old\\lib\\wfUtils.php","line":1475}

Sep 15 2026 07:59:50
{"type":2,"message":"dns_get_record(): DNS Query failed","file":"C:\\xampp\\htdocs\\diormedical\\wp-content\\plugins\\wordfence-old\\lib\\wfUtils.php","line":1475}

Sep 15 2026 07:59:52
{"type":2,"message":"dns_get_record(): DNS Query failed","file":"C:\\xampp\\htdocs\\diormedical\\wp-content\\plugins\\wordfence-old\\lib\\wfUtils.php","line":1475}

Sep 15 2026 07:59:55
{"type":2,"message":"dns_get_record(): DNS Query failed","file":"C:\\xampp\\htdocs\\diormedical\\wp-content\\plugins\\wordfence-old\\lib\\wfUtils.php","line":1475}

Sep 15 2026 07:59:57
{"type":2,"message":"dns_get_record(): DNS Query failed","file":"C:\\xampp\\htdocs\\diormedical\\wp-content\\plugins\\wordfence-old\\lib\\wfUtils.php","line":1475}

Sep 15 2026 07:59:59
{"type":2,"message":"dns_get_record(): DNS Query failed","file":"C:\\xampp\\htdocs\\diormedical\\wp-content\\plugins\\wordfence-old\\lib\\wfUtils.php","line":1475}

Sep 15 2026 08:00:01
{"type":2,"message":"dns_get_record(): DNS Query failed","file":"C:\\xampp\\htdocs\\diormedical\\wp-content\\plugins\\wordfence-old\\lib\\wfUtils.php","line":1475}

Sep 15 2026 08:00:03
{"type":2,"message":"dns_get_record(): DNS Query failed","file":"C:\\xampp\\htdocs\\diormedical\\wp-content\\plugins\\wordfence-old\\lib\\wfUtils.php","line":1475}

Sep 15 2026 08:00:06
{"type":2,"message":"dns_get_record(): DNS Query failed","file":"C:\\xampp\\htdocs\\diormedical\\wp-content\\plugins\\wordfence-old\\lib\\wfUtils.php","line":1475}

Sep 15 2026 08:00:09
{"type":2,"message":"dns_get_record(): DNS Query failed","file":"C:\\xampp\\htdocs\\diormedical\\wp-content\\plugins\\wordfence-old\\lib\\wfUtils.php","line":1475}

Sep 15 2026 08:00:11
{"type":2,"message":"dns_get_record(): DNS Query failed","file":"C:\\xampp\\htdocs\\diormedical\\wp-content\\plugins\\wordfence-old\\lib\\wfUtils.php","line":1475}

Sep 15 2026 08:00:13
{"type":2,"message":"dns_get_record(): DNS Query failed","file":"C:\\xampp\\htdocs\\diormedical\\wp-content\\plugins\\wordfence-old\\lib\\wfUtils.php","line":1475}

Sep 15 2026 08:00:16
{"type":2,"message":"dns_get_record(): DNS Query failed","file":"C:\\xampp\\htdocs\\diormedical\\wp-content\\plugins\\wordfence-old\\lib\\wfUtils.php","line":1475}

Sep 15 2026 08:00:20
{"type":2,"message":"dns_get_record(): DNS Query failed","file":"C:\\xampp\\htdocs\\diormedical\\wp-content\\plugins\\wordfence-old\\lib\\wfUtils.php","line":1475}

Sep 15 2026 08:00:22
{"type":2,"message":"dns_get_record(): DNS Query failed","file":"C:\\xampp\\htdocs\\diormedical\\wp-content\\plugins\\wordfence-old\\lib\\wfUtils.php","line":1475}

Sep 15 2026 08:00:24
{"type":2,"message":"dns_get_record(): DNS Query failed","file":"C:\\xampp\\htdocs\\diormedical\\wp-content\\plugins\\wordfence-old\\lib\\wfUtils.php","line":1475}

Sep 15 2026 08:00:26
{"type":2,"message":"dns_get_record(): DNS Query failed","file":"C:\\xampp\\htdocs\\diormedical\\wp-content\\plugins\\wordfence-old\\lib\\wfUtils.php","line":1475}

Sep 15 2026 08:00:28
{"type":2,"message":"dns_get_record(): DNS Query failed","file":"C:\\xampp\\htdocs\\diormedical\\wp-content\\plugins\\wordfence-old\\lib\\wfUtils.php","line":1475}

Sep 15 2026 08:00:31
{"type":2,"message":"dns_get_record(): DNS Query failed","file":"C:\\xampp\\htdocs\\diormedical\\wp-content\\plugins\\wordfence-old\\lib\\wfUtils.php","line":1475}

Sep 15 2026 08:00:33
{"type":2,"message":"dns_get_record(): DNS Query failed","file":"C:\\xampp\\htdocs\\diormedical\\wp-content\\plugins\\wordfence-old\\lib\\wfUtils.php","line":1475}

Sep 15 2026 08:00:35
{"type":2,"message":"dns_get_record(): DNS Query failed","file":"C:\\xampp\\htdocs\\diormedical\\wp-content\\plugins\\wordfence-old\\lib\\wfUtils.php","line":1475}

Sep 15 2026 08:00:37
{"type":2,"message":"dns_get_record(): DNS Query failed","file":"C:\\xampp\\htdocs\\diormedical\\wp-content\\plugins\\wordfence-old\\lib\\wfUtils.php","line":1475}

Sep 15 2026 08:00:39
{"type":2,"message":"dns_get_record(): DNS Query failed","file":"C:\\xampp\\htdocs\\diormedical\\wp-content\\plugins\\wordfence-old\\lib\\wfUtils.php","line":1475}

Sep 15 2026 08:00:42
{"type":2,"message":"dns_get_record(): DNS Query failed","file":"C:\\xampp\\htdocs\\diormedical\\wp-content\\plugins\\wordfence-old\\lib\\wfUtils.php","line":1475}

Sep 15 2026 08:00:44
{"type":2,"message":"dns_get_record(): DNS Query failed","file":"C:\\xampp\\htdocs\\diormedical\\wp-content\\plugins\\wordfence-old\\lib\\wfUtils.php","line":1475}

Sep 15 2026 08:00:46
{"type":2,"message":"dns_get_record(): DNS Query failed","file":"C:\\xampp\\htdocs\\diormedical\\wp-content\\plugins\\wordfence-old\\lib\\wfUtils.php","line":1475}

Sep 15 2026 08:00:48
{"type":2,"message":"dns_get_record(): DNS Query failed","file":"C:\\xampp\\htdocs\\diormedical\\wp-content\\plugins\\wordfence-old\\lib\\wfUtils.php","line":1475}

Sep 15 2026 08:00:50
{"type":2,"message":"dns_get_record(): DNS Query failed","file":"C:\\xampp\\htdocs\\diormedical\\wp-content\\plugins\\wordfence-old\\lib\\wfUtils.php","line":1475}

Sep 15 2026 08:00:53
{"type":2,"message":"dns_get_record(): DNS Query failed","file":"C:\\xampp\\htdocs\\diormedical\\wp-content\\plugins\\wordfence-old\\lib\\wfUtils.php","line":1475}

Sep 15 2026 08:00:55
{"type":2,"message":"dns_get_record(): DNS Query failed","file":"C:\\xampp\\htdocs\\diormedical\\wp-content\\plugins\\wordfence-old\\lib\\wfUtils.php","line":1475}

Sep 15 2026 08:00:57
{"type":2,"message":"dns_get_record(): DNS Query failed","file":"C:\\xampp\\htdocs\\diormedical\\wp-content\\plugins\\wordfence-old\\lib\\wfUtils.php","line":1475}

Sep 15 2026 08:00:59
{"type":2,"message":"dns_get_record(): DNS Query failed","file":"C:\\xampp\\htdocs\\diormedical\\wp-content\\plugins\\wordfence-old\\lib\\wfUtils.php","line":1475}

Sep 15 2026 08:01:01
{"type":2,"message":"dns_get_record(): DNS Query failed","file":"C:\\xampp\\htdocs\\diormedical\\wp-content\\plugins\\wordfence-old\\lib\\wfUtils.php","line":1475}

Sep 15 2026 08:01:03
{"type":2,"message":"dns_get_record(): DNS Query failed","file":"C:\\xampp\\htdocs\\diormedical\\wp-content\\plugins\\wordfence-old\\lib\\wfUtils.php","line":1475}

Sep 15 2026 08:01:06
{"type":2,"message":"dns_get_record(): DNS Query failed","file":"C:\\xampp\\htdocs\\diormedical\\wp-content\\plugins\\wordfence-old\\lib\\wfUtils.php","line":1475}

Sep 15 2026 08:01:08
{"type":2,"message":"dns_get_record(): DNS Query failed","file":"C:\\xampp\\htdocs\\diormedical\\wp-content\\plugins\\wordfence-old\\lib\\wfUtils.php","line":1475}

Sep 15 2026 08:01:10
{"type":2,"message":"dns_get_record(): DNS Query failed","file":"C:\\xampp\\htdocs\\diormedical\\wp-content\\plugins\\wordfence-old\\lib\\wfUtils.php","line":1475}

Sep 15 2026 08:01:12
{"type":2,"message":"dns_get_record(): DNS Query failed","file":"C:\\xampp\\htdocs\\diormedical\\wp-content\\plugins\\wordfence-old\\lib\\wfUtils.php","line":1475}

Sep 15 2026 08:01:14
{"type":2,"message":"dns_get_record(): DNS Query failed","file":"C:\\xampp\\htdocs\\diormedical\\wp-content\\plugins\\wordfence-old\\lib\\wfUtils.php","line":1475}

Sep 15 2026 08:01:18
{"type":2,"message":"dns_get_record(): DNS Query failed","file":"C:\\xampp\\htdocs\\diormedical\\wp-content\\plugins\\wordfence-old\\lib\\wfUtils.php","line":1475}

Sep 15 2026 08:01:20
{"type":2,"message":"dns_get_record(): DNS Query failed","file":"C:\\xampp\\htdocs\\diormedical\\wp-content\\plugins\\wordfence-old\\lib\\wfUtils.php","line":1475}

Sep 15 2026 08:01:22
{"type":2,"message":"dns_get_record(): DNS Query failed","file":"C:\\xampp\\htdocs\\diormedical\\wp-content\\plugins\\wordfence-old\\lib\\wfUtils.php","line":1475}

Sep 15 2026 08:01:24
{"type":2,"message":"dns_get_record(): DNS Query failed","file":"C:\\xampp\\htdocs\\diormedical\\wp-content\\plugins\\wordfence-old\\lib\\wfUtils.php","line":1475}

Sep 15 2026 08:01:26
{"type":2,"message":"dns_get_record(): DNS Query failed","file":"C:\\xampp\\htdocs\\diormedical\\wp-content\\plugins\\wordfence-old\\lib\\wfUtils.php","line":1475}

Sep 15 2026 08:01:29
{"type":2,"message":"dns_get_record(): DNS Query failed","file":"C:\\xampp\\htdocs\\diormedical\\wp-content\\plugins\\wordfence-old\\lib\\wfUtils.php","line":1475}

Sep 15 2026 08:01:31
{"type":2,"message":"dns_get_record(): DNS Query failed","file":"C:\\xampp\\htdocs\\diormedical\\wp-content\\plugins\\wordfence-old\\lib\\wfUtils.php","line":1475}

Sep 15 2026 08:01:33
{"type":2,"message":"dns_get_record(): DNS Query failed","file":"C:\\xampp\\htdocs\\diormedical\\wp-content\\plugins\\wordfence-old\\lib\\wfUtils.php","line":1475}

Sep 15 2026 08:01:35
{"type":2,"message":"dns_get_record(): DNS Query failed","file":"C:\\xampp\\htdocs\\diormedical\\wp-content\\plugins\\wordfence-old\\lib\\wfUtils.php","line":1475}

Sep 15 2026 08:01:37
{"type":2,"message":"dns_get_record(): DNS Query failed","file":"C:\\xampp\\htdocs\\diormedical\\wp-content\\plugins\\wordfence-old\\lib\\wfUtils.php","line":1475}

Sep 15 2026 08:01:39
{"type":2,"message":"dns_get_record(): DNS Query failed","file":"C:\\xampp\\htdocs\\diormedical\\wp-content\\plugins\\wordfence-old\\lib\\wfUtils.php","line":1475}

Sep 15 2026 08:01:42
{"type":2,"message":"dns_get_record(): DNS Query failed","file":"C:\\xampp\\htdocs\\diormedical\\wp-content\\plugins\\wordfence-old\\lib\\wfUtils.php","line":1475}

Sep 15 2026 08:01:44
{"type":2,"message":"dns_get_record(): DNS Query failed","file":"C:\\xampp\\htdocs\\diormedical\\wp-content\\plugins\\wordfence-old\\lib\\wfUtils.php","line":1475}

Sep 15 2026 08:01:46
{"type":2,"message":"dns_get_record(): DNS Query failed","file":"C:\\xampp\\htdocs\\diormedical\\wp-content\\plugins\\wordfence-old\\lib\\wfUtils.php","line":1475}

Sep 15 2026 08:01:48
{"type":2,"message":"dns_get_record(): DNS Query failed","file":"C:\\xampp\\htdocs\\diormedical\\wp-content\\plugins\\wordfence-old\\lib\\wfUtils.php","line":1475}

Sep 15 2026 08:01:50
{"type":2,"message":"dns_get_record(): DNS Query failed","file":"C:\\xampp\\htdocs\\diormedical\\wp-content\\plugins\\wordfence-old\\lib\\wfUtils.php","line":1475}

Sep 15 2026 08:01:53
{"type":2,"message":"dns_get_record(): DNS Query failed","file":"C:\\xampp\\htdocs\\diormedical\\wp-content\\plugins\\wordfence-old\\lib\\wfUtils.php","line":1475}

Sep 15 2026 08:01:55
{"type":2,"message":"dns_get_record(): DNS Query failed","file":"C:\\xampp\\htdocs\\diormedical\\wp-content\\plugins\\wordfence-old\\lib\\wfUtils.php","line":1475}

Sep 15 2026 08:01:57
{"type":2,"message":"dns_get_record(): DNS Query failed","file":"C:\\xampp\\htdocs\\diormedical\\wp-content\\plugins\\wordfence-old\\lib\\wfUtils.php","line":1475}

Sep 15 2026 08:01:59
{"type":2,"message":"dns_get_record(): DNS Query failed","file":"C:\\xampp\\htdocs\\diormedical\\wp-content\\plugins\\wordfence-old\\lib\\wfUtils.php","line":1475}

Sep 15 2026 08:02:01
{"type":2,"message":"dns_get_record(): DNS Query failed","file":"C:\\xampp\\htdocs\\diormedical\\wp-content\\plugins\\wordfence-old\\lib\\wfUtils.php","line":1475}

Sep 15 2026 08:02:04
{"type":2,"message":"dns_get_record(): DNS Query failed","file":"C:\\xampp\\htdocs\\diormedical\\wp-content\\plugins\\wordfence-old\\lib\\wfUtils.php","line":1475}

Sep 15 2026 08:02:06
{"type":2,"message":"dns_get_record(): DNS Query failed","file":"C:\\xampp\\htdocs\\diormedical\\wp-content\\plugins\\wordfence-old\\lib\\wfUtils.php","line":1475}

Sep 15 2026 08:02:08
{"type":2,"message":"dns_get_record(): DNS Query failed","file":"C:\\xampp\\htdocs\\diormedical\\wp-content\\plugins\\wordfence-old\\lib\\wfUtils.php","line":1475}

Sep 15 2026 08:02:11
{"type":2,"message":"dns_get_record(): DNS Query failed","file":"C:\\xampp\\htdocs\\diormedical\\wp-content\\plugins\\wordfence-old\\lib\\wfUtils.php","line":1475}

Sep 15 2026 08:02:13
{"type":2,"message":"dns_get_record(): DNS Query failed","file":"C:\\xampp\\htdocs\\diormedical\\wp-content\\plugins\\wordfence-old\\lib\\wfUtils.php","line":1475}

Sep 15 2026 08:02:15
{"type":2,"message":"dns_get_record(): DNS Query failed","file":"C:\\xampp\\htdocs\\diormedical\\wp-content\\plugins\\wordfence-old\\lib\\wfUtils.php","line":1475}

Sep 15 2026 08:02:19
{"type":2,"message":"dns_get_record(): DNS Query failed","file":"C:\\xampp\\htdocs\\diormedical\\wp-content\\plugins\\wordfence-old\\lib\\wfUtils.php","line":1475}

Sep 15 2026 08:02:21
{"type":2,"message":"dns_get_record(): DNS Query failed","file":"C:\\xampp\\htdocs\\diormedical\\wp-content\\plugins\\wordfence-old\\lib\\wfUtils.php","line":1475}

Sep 15 2026 08:02:23
{"type":2,"message":"dns_get_record(): DNS Query failed","file":"C:\\xampp\\htdocs\\diormedical\\wp-content\\plugins\\wordfence-old\\lib\\wfUtils.php","line":1475}

Sep 15 2026 08:02:25
{"type":2,"message":"dns_get_record(): DNS Query failed","file":"C:\\xampp\\htdocs\\diormedical\\wp-content\\plugins\\wordfence-old\\lib\\wfUtils.php","line":1475}

Sep 15 2026 08:02:27
{"type":2,"message":"dns_get_record(): DNS Query failed","file":"C:\\xampp\\htdocs\\diormedical\\wp-content\\plugins\\wordfence-old\\lib\\wfUtils.php","line":1475}

Sep 15 2026 08:02:29
{"type":2,"message":"dns_get_record(): DNS Query failed","file":"C:\\xampp\\htdocs\\diormedical\\wp-content\\plugins\\wordfence-old\\lib\\wfUtils.php","line":1475}

Sep 15 2026 08:02:31
{"type":2,"message":"dns_get_record(): DNS Query failed","file":"C:\\xampp\\htdocs\\diormedical\\wp-content\\plugins\\wordfence-old\\lib\\wfUtils.php","line":1475}

Sep 15 2026 08:02:34
{"type":2,"message":"dns_get_record(): DNS Query failed","file":"C:\\xampp\\htdocs\\diormedical\\wp-content\\plugins\\wordfence-old\\lib\\wfUtils.php","line":1475}

Sep 15 2026 08:02:36
{"type":2,"message":"dns_get_record(): DNS Query failed","file":"C:\\xampp\\htdocs\\diormedical\\wp-content\\plugins\\wordfence-old\\lib\\wfUtils.php","line":1475}

Sep 15 2026 08:02:38
{"type":2,"message":"dns_get_record(): DNS Query failed","file":"C:\\xampp\\htdocs\\diormedical\\wp-content\\plugins\\wordfence-old\\lib\\wfUtils.php","line":1475}

Sep 15 2026 08:02:40
{"type":2,"message":"dns_get_record(): DNS Query failed","file":"C:\\xampp\\htdocs\\diormedical\\wp-content\\plugins\\wordfence-old\\lib\\wfUtils.php","line":1475}

Sep 15 2026 08:02:42
{"type":2,"message":"dns_get_record(): DNS Query failed","file":"C:\\xampp\\htdocs\\diormedical\\wp-content\\plugins\\wordfence-old\\lib\\wfUtils.php","line":1475}

Sep 15 2026 08:02:44
{"type":2,"message":"dns_get_record(): DNS Query failed","file":"C:\\xampp\\htdocs\\diormedical\\wp-content\\plugins\\wordfence-old\\lib\\wfUtils.php","line":1475}

Sep 15 2026 08:02:47
{"type":2,"message":"dns_get_record(): DNS Query failed","file":"C:\\xampp\\htdocs\\diormedical\\wp-content\\plugins\\wordfence-old\\lib\\wfUtils.php","line":1475}

Sep 15 2026 08:02:49
{"type":2,"message":"dns_get_record(): DNS Query failed","file":"C:\\xampp\\htdocs\\diormedical\\wp-content\\plugins\\wordfence-old\\lib\\wfUtils.php","line":1475}

Sep 15 2026 08:02:51
{"type":2,"message":"dns_get_record(): DNS Query failed","file":"C:\\xampp\\htdocs\\diormedical\\wp-content\\plugins\\wordfence-old\\lib\\wfUtils.php","line":1475}

Sep 15 2026 08:02:53
{"type":2,"message":"dns_get_record(): DNS Query failed","file":"C:\\xampp\\htdocs\\diormedical\\wp-content\\plugins\\wordfence-old\\lib\\wfUtils.php","line":1475}

Sep 15 2026 08:02:55
{"type":2,"message":"dns_get_record(): DNS Query failed","file":"C:\\xampp\\htdocs\\diormedical\\wp-content\\plugins\\wordfence-old\\lib\\wfUtils.php","line":1475}

Sep 15 2026 08:02:58
{"type":2,"message":"dns_get_record(): DNS Query failed","file":"C:\\xampp\\htdocs\\diormedical\\wp-content\\plugins\\wordfence-old\\lib\\wfUtils.php","line":1475}

Sep 15 2026 08:03:00
{"type":2,"message":"dns_get_record(): DNS Query failed","file":"C:\\xampp\\htdocs\\diormedical\\wp-content\\plugins\\wordfence-old\\lib\\wfUtils.php","line":1475}

Sep 15 2026 08:03:02
{"type":2,"message":"dns_get_record(): DNS Query failed","file":"C:\\xampp\\htdocs\\diormedical\\wp-content\\plugins\\wordfence-old\\lib\\wfUtils.php","line":1475}

Sep 15 2026 08:03:04
{"type":2,"message":"dns_get_record(): DNS Query failed","file":"C:\\xampp\\htdocs\\diormedical\\wp-content\\plugins\\wordfence-old\\lib\\wfUtils.php","line":1475}

Sep 15 2026 08:03:06
{"type":2,"message":"dns_get_record(): DNS Query failed","file":"C:\\xampp\\htdocs\\diormedical\\wp-content\\plugins\\wordfence-old\\lib\\wfUtils.php","line":1475}

Sep 15 2026 08:03:10
{"type":2,"message":"dns_get_record(): DNS Query failed","file":"C:\\xampp\\htdocs\\diormedical\\wp-content\\plugins\\wordfence-old\\lib\\wfUtils.php","line":1475}

Sep 15 2026 08:03:12
{"type":2,"message":"dns_get_record(): DNS Query failed","file":"C:\\xampp\\htdocs\\diormedical\\wp-content\\plugins\\wordfence-old\\lib\\wfUtils.php","line":1475}

Sep 15 2026 08:03:14
{"type":2,"message":"dns_get_record(): DNS Query failed","file":"C:\\xampp\\htdocs\\diormedical\\wp-content\\plugins\\wordfence-old\\lib\\wfUtils.php","line":1475}

Sep 15 2026 08:03:16
{"type":2,"message":"dns_get_record(): DNS Query failed","file":"C:\\xampp\\htdocs\\diormedical\\wp-content\\plugins\\wordfence-old\\lib\\wfUtils.php","line":1475}

Sep 15 2026 08:03:19
{"type":2,"message":"dns_get_record(): DNS Query failed","file":"C:\\xampp\\htdocs\\diormedical\\wp-content\\plugins\\wordfence-old\\lib\\wfUtils.php","line":1475}

Sep 15 2026 08:03:21
{"type":2,"message":"dns_get_record(): DNS Query failed","file":"C:\\xampp\\htdocs\\diormedical\\wp-content\\plugins\\wordfence-old\\lib\\wfUtils.php","line":1475}

Sep 15 2026 08:03:24
{"type":2,"message":"dns_get_record(): DNS Query failed","file":"C:\\xampp\\htdocs\\diormedical\\wp-content\\plugins\\wordfence-old\\lib\\wfUtils.php","line":1475}

Sep 15 2026 08:03:26
{"type":2,"message":"dns_get_record(): DNS Query failed","file":"C:\\xampp\\htdocs\\diormedical\\wp-content\\plugins\\wordfence-old\\lib\\wfUtils.php","line":1475}

Sep 15 2026 08:03:28
{"type":2,"message":"dns_get_record(): DNS Query failed","file":"C:\\xampp\\htdocs\\diormedical\\wp-content\\plugins\\wordfence-old\\lib\\wfUtils.php","line":1475}

Sep 15 2026 08:03:30
{"type":2,"message":"dns_get_record(): DNS Query failed","file":"C:\\xampp\\htdocs\\diormedical\\wp-content\\plugins\\wordfence-old\\lib\\wfUtils.php","line":1475}

Sep 15 2026 08:03:32
{"type":2,"message":"dns_get_record(): DNS Query failed","file":"C:\\xampp\\htdocs\\diormedical\\wp-content\\plugins\\wordfence-old\\lib\\wfUtils.php","line":1475}

Sep 15 2026 08:03:35
{"type":2,"message":"dns_get_record(): DNS Query failed","file":"C:\\xampp\\htdocs\\diormedical\\wp-content\\plugins\\wordfence-old\\lib\\wfUtils.php","line":1475}

Sep 15 2026 08:03:37
{"type":2,"message":"dns_get_record(): DNS Query failed","file":"C:\\xampp\\htdocs\\diormedical\\wp-content\\plugins\\wordfence-old\\lib\\wfUtils.php","line":1475}

Sep 15 2026 08:03:39
{"type":2,"message":"dns_get_record(): DNS Query failed","file":"C:\\xampp\\htdocs\\diormedical\\wp-content\\plugins\\wordfence-old\\lib\\wfUtils.php","line":1475}

Sep 15 2026 08:03:41
{"type":2,"message":"dns_get_record(): DNS Query failed","file":"C:\\xampp\\htdocs\\diormedical\\wp-content\\plugins\\wordfence-old\\lib\\wfUtils.php","line":1475}

Sep 15 2026 08:03:43
{"type":2,"message":"dns_get_record(): DNS Query failed","file":"C:\\xampp\\htdocs\\diormedical\\wp-content\\plugins\\wordfence-old\\lib\\wfUtils.php","line":1475}

Sep 15 2026 08:03:46
{"type":2,"message":"dns_get_record(): DNS Query failed","file":"C:\\xampp\\htdocs\\diormedical\\wp-content\\plugins\\wordfence-old\\lib\\wfUtils.php","line":1475}

Sep 15 2026 08:03:48
{"type":2,"message":"dns_get_record(): DNS Query failed","file":"C:\\xampp\\htdocs\\diormedical\\wp-content\\plugins\\wordfence-old\\lib\\wfUtils.php","line":1475}

Sep 15 2026 08:04:01
{"type":2,"message":"dns_get_record(): DNS Query failed","file":"C:\\xampp\\htdocs\\diormedical\\wp-content\\plugins\\wordfence-old\\lib\\wfUtils.php","line":1475}

Sep 15 2026 08:04:03
{"type":2,"message":"dns_get_record(): DNS Query failed","file":"C:\\xampp\\htdocs\\diormedical\\wp-content\\plugins\\wordfence-old\\lib\\wfUtils.php","line":1475}

Sep 15 2026 08:04:15
{"type":2,"message":"dns_get_record(): DNS Query failed","file":"C:\\xampp\\htdocs\\diormedical\\wp-content\\plugins\\wordfence-old\\lib\\wfUtils.php","line":1475}

Sep 15 2026 08:04:30
{"type":2,"message":"dns_get_record(): DNS Query failed","file":"C:\\xampp\\htdocs\\diormedical\\wp-content\\plugins\\wordfence-old\\lib\\wfUtils.php","line":1475}

Sep 15 2026 08:04:35
{"type":2,"message":"dns_get_record(): DNS Query failed","file":"C:\\xampp\\htdocs\\diormedical\\wp-content\\plugins\\wordfence-old\\lib\\wfUtils.php","line":1475}

Sep 15 2026 08:04:37
{"type":2,"message":"dns_get_record(): DNS Query failed","file":"C:\\xampp\\htdocs\\diormedical\\wp-content\\plugins\\wordfence-old\\lib\\wfUtils.php","line":1475}

Sep 15 2026 08:04:39
{"Number":8192,"Message":"Creation of dynamic property Ai1wm_Database_Mysqli::$old_replace_raw_values is deprecated","File":"C:\\xampp\\htdocs\\diormedical\\wp-content\\plugins\\All-In-One-WP-Migration-Pro-master\\lib\\vendor\\servmask\\database\\class-ai1wm-database.php","Line":300}

Sep 15 2026 08:04:39
{"Number":8192,"Message":"Creation of dynamic property Ai1wm_Database_Mysqli::$new_replace_raw_values is deprecated","File":"C:\\xampp\\htdocs\\diormedical\\wp-content\\plugins\\All-In-One-WP-Migration-Pro-master\\lib\\vendor\\servmask\\database\\class-ai1wm-database.php","Line":321}

Sep 15 2026 08:04:49
{"type":2,"message":"dns_get_record(): DNS Query failed","file":"C:\\xampp\\htdocs\\diormedical\\wp-content\\plugins\\wordfence-old\\lib\\wfUtils.php","line":1475}

Sep 15 2026 08:04:49
{"Number":8192,"Message":"Creation of dynamic property Ai1wm_Database_Mysqli::$old_replace_raw_values is deprecated","File":"C:\\xampp\\htdocs\\diormedical\\wp-content\\plugins\\All-In-One-WP-Migration-Pro-master\\lib\\vendor\\servmask\\database\\class-ai1wm-database.php","Line":300}

Sep 15 2026 08:04:49
{"Number":8192,"Message":"Creation of dynamic property Ai1wm_Database_Mysqli::$new_replace_raw_values is deprecated","File":"C:\\xampp\\htdocs\\diormedical\\wp-content\\plugins\\All-In-One-WP-Migration-Pro-master\\lib\\vendor\\servmask\\database\\class-ai1wm-database.php","Line":321}

Sep 15 2026 08:04:59
{"type":8192,"message":"Return type of Ai1wm_Recursive_Newline_Filter::accept() should either be compatible with FilterIterator::accept(): bool, or the #[\\ReturnTypeWillChange] attribute should be used to temporarily suppress the notice","file":"C:\\xampp\\htdocs\\diormedical\\wp-content\\plugins\\All-In-One-WP-Migration-Pro-master\\lib\\vendor\\servmask\\filter\\class-ai1wm-recursive-newline-filter.php","line":28}

Sep 15 2026 08:05:00
{"Number":8192,"Message":"Creation of dynamic property Ai1wm_Database_Mysqli::$old_replace_raw_values is deprecated","File":"C:\\xampp\\htdocs\\diormedical\\wp-content\\plugins\\All-In-One-WP-Migration-Pro-master\\lib\\vendor\\servmask\\database\\class-ai1wm-database.php","Line":300}

Sep 15 2026 08:05:00
{"Number":8192,"Message":"Creation of dynamic property Ai1wm_Database_Mysqli::$new_replace_raw_values is deprecated","File":"C:\\xampp\\htdocs\\diormedical\\wp-content\\plugins\\All-In-One-WP-Migration-Pro-master\\lib\\vendor\\servmask\\database\\class-ai1wm-database.php","Line":321}

Sep 15 2026 08:05:02
{"type":8192,"message":"Return type of Ai1wm_Recursive_Newline_Filter::accept() should either be compatible with FilterIterator::accept(): bool, or the #[\\ReturnTypeWillChange] attribute should be used to temporarily suppress the notice","file":"C:\\xampp\\htdocs\\diormedical\\wp-content\\plugins\\All-In-One-WP-Migration-Pro-master\\lib\\vendor\\servmask\\filter\\class-ai1wm-recursive-newline-filter.php","line":28}

Sep 15 2026 08:05:03
{"type":8192,"message":"Return type of Ai1wm_Recursive_Newline_Filter::accept() should either be compatible with FilterIterator::accept(): bool, or the #[\\ReturnTypeWillChange] attribute should be used to temporarily suppress the notice","file":"C:\\xampp\\htdocs\\diormedical\\wp-content\\plugins\\All-In-One-WP-Migration-Pro-master\\lib\\vendor\\servmask\\filter\\class-ai1wm-recursive-newline-filter.php","line":28}

Sep 15 2026 08:05:08
{"type":2,"message":"dns_get_record(): DNS Query failed","file":"C:\\xampp\\htdocs\\diormedical\\wp-content\\plugins\\wordfence\\lib\\wfUtils.php","line":1475}

Sep 15 2026 08:17:51
{"type":2,"message":"dns_get_record(): DNS Query failed","file":"C:\\xampp\\htdocs\\diormedical\\wp-content\\plugins\\wordfence\\lib\\wfUtils.php","line":1475}

Sep 15 2026 08:17:55
{"type":2,"message":"dns_get_record(): DNS Query failed","file":"C:\\xampp\\htdocs\\diormedical\\wp-content\\plugins\\wordfence\\lib\\wfUtils.php","line":1475}

Sep 15 2026 08:17:59
{"type":2,"message":"dns_get_record(): DNS Query failed","file":"C:\\xampp\\htdocs\\diormedical\\wp-content\\plugins\\wordfence\\lib\\wfUtils.php","line":1475}

Sep 15 2026 08:18:03
{"type":2,"message":"dns_get_record(): DNS Query failed","file":"C:\\xampp\\htdocs\\diormedical\\wp-content\\plugins\\wordfence\\lib\\wfUtils.php","line":1475}

Sep 15 2026 08:18:07
{"type":2,"message":"dns_get_record(): DNS Query failed","file":"C:\\xampp\\htdocs\\diormedical\\wp-content\\plugins\\wordfence\\lib\\wfUtils.php","line":1475}

Sep 15 2026 08:18:13
{"type":2,"message":"dns_get_record(): DNS Query failed","file":"C:\\xampp\\htdocs\\diormedical\\wp-content\\plugins\\wordfence\\lib\\wfUtils.php","line":1475}

Sep 15 2026 08:18:22
{"type":2,"message":"dns_get_record(): DNS Query failed","file":"C:\\xampp\\htdocs\\diormedical\\wp-content\\plugins\\wordfence\\lib\\wfUtils.php","line":1475}

Sep 15 2026 08:18:26
{"type":2,"message":"dns_get_record(): DNS Query failed","file":"C:\\xampp\\htdocs\\diormedical\\wp-content\\plugins\\wordfence\\lib\\wfUtils.php","line":1475}

Sep 15 2026 08:18:31
{"type":2,"message":"dns_get_record(): DNS Query failed","file":"C:\\xampp\\htdocs\\diormedical\\wp-content\\plugins\\wordfence\\lib\\wfUtils.php","line":1475}

Sep 15 2026 08:18:34
{"type":2,"message":"dns_get_record(): DNS Query failed","file":"C:\\xampp\\htdocs\\diormedical\\wp-content\\plugins\\wordfence\\lib\\wfUtils.php","line":1475}

Sep 15 2026 09:48:09
{"type":2,"message":"dns_get_record(): DNS Query failed","file":"C:\\xampp\\htdocs\\diormedical\\wp-content\\plugins\\wordfence\\lib\\wfUtils.php","line":1475}

Sep 15 2026 09:48:12
{"type":2,"message":"dns_get_record(): DNS Query failed","file":"C:\\xampp\\htdocs\\diormedical\\wp-content\\plugins\\wordfence\\lib\\wfUtils.php","line":1475}

Sep 15 2026 09:48:15
{"type":2,"message":"dns_get_record(): DNS Query failed","file":"C:\\xampp\\htdocs\\diormedical\\wp-content\\plugins\\wordfence\\lib\\wfUtils.php","line":1475}

Sep 15 2026 09:48:19
{"type":2,"message":"dns_get_record(): DNS Query failed","file":"C:\\xampp\\htdocs\\diormedical\\wp-content\\plugins\\wordfence\\lib\\wfUtils.php","line":1475}

Sep 15 2026 09:48:23
{"type":2,"message":"dns_get_record(): DNS Query failed","file":"C:\\xampp\\htdocs\\diormedical\\wp-content\\plugins\\wordfence\\lib\\wfUtils.php","line":1475}

Sep 15 2026 09:48:28
{"type":2,"message":"dns_get_record(): DNS Query failed","file":"C:\\xampp\\htdocs\\diormedical\\wp-content\\plugins\\wordfence\\lib\\wfUtils.php","line":1475}

Sep 15 2026 09:48:36
{"type":2,"message":"dns_get_record(): DNS Query failed","file":"C:\\xampp\\htdocs\\diormedical\\wp-content\\plugins\\wordfence\\lib\\wfUtils.php","line":1475}

Sep 15 2026 09:48:40
{"type":2,"message":"dns_get_record(): DNS Query failed","file":"C:\\xampp\\htdocs\\diormedical\\wp-content\\plugins\\wordfence\\lib\\wfUtils.php","line":1475}

Sep 15 2026 09:48:43
{"type":2,"message":"dns_get_record(): DNS Query failed","file":"C:\\xampp\\htdocs\\diormedical\\wp-content\\plugins\\wordfence\\lib\\wfUtils.php","line":1475}

Sep 15 2026 09:48:47
{"type":2,"message":"dns_get_record(): DNS Query failed","file":"C:\\xampp\\htdocs\\diormedical\\wp-content\\plugins\\wordfence\\lib\\wfUtils.php","line":1475}

Sep 21 2026 05:26:06
{"type":2,"message":"dns_get_record(): DNS Query failed","file":"C:\\xampp\\htdocs\\diormedical\\wp-content\\plugins\\wordfence\\lib\\wfUtils.php","line":1475}

Sep 21 2026 05:26:09
{"type":2,"message":"dns_get_record(): DNS Query failed","file":"C:\\xampp\\htdocs\\diormedical\\wp-content\\plugins\\wordfence\\lib\\wfUtils.php","line":1475}

Sep 21 2026 05:26:13
{"type":2,"message":"dns_get_record(): DNS Query failed","file":"C:\\xampp\\htdocs\\diormedical\\wp-content\\plugins\\wordfence\\lib\\wfUtils.php","line":1475}

Sep 21 2026 05:26:17
{"type":2,"message":"dns_get_record(): DNS Query failed","file":"C:\\xampp\\htdocs\\diormedical\\wp-content\\plugins\\wordfence\\lib\\wfUtils.php","line":1475}

Sep 21 2026 05:26:21
{"type":2,"message":"dns_get_record(): DNS Query failed","file":"C:\\xampp\\htdocs\\diormedical\\wp-content\\plugins\\wordfence\\lib\\wfUtils.php","line":1475}

Sep 21 2026 05:26:24
{"type":2,"message":"dns_get_record(): DNS Query failed","file":"C:\\xampp\\htdocs\\diormedical\\wp-content\\plugins\\wordfence\\lib\\wfUtils.php","line":1475}

Sep 21 2026 05:26:28
{"type":2,"message":"dns_get_record(): DNS Query failed","file":"C:\\xampp\\htdocs\\diormedical\\wp-content\\plugins\\wordfence\\lib\\wfUtils.php","line":1475}

Sep 21 2026 05:26:32
{"type":2,"message":"dns_get_record(): DNS Query failed","file":"C:\\xampp\\htdocs\\diormedical\\wp-content\\plugins\\wordfence\\lib\\wfUtils.php","line":1475}

Sep 21 2026 05:26:35
{"type":2,"message":"dns_get_record(): DNS Query failed","file":"C:\\xampp\\htdocs\\diormedical\\wp-content\\plugins\\wordfence\\lib\\wfUtils.php","line":1475}

Sep 21 2026 05:26:39
{"type":2,"message":"dns_get_record(): DNS Query failed","file":"C:\\xampp\\htdocs\\diormedical\\wp-content\\plugins\\wordfence\\lib\\wfUtils.php","line":1475}

Sep 21 2026 05:26:44
{"type":2,"message":"dns_get_record(): DNS Query failed","file":"C:\\xampp\\htdocs\\diormedical\\wp-content\\plugins\\wordfence\\lib\\wfUtils.php","line":1475}

Sep 21 2026 05:26:48
{"type":2,"message":"dns_get_record(): DNS Query failed","file":"C:\\xampp\\htdocs\\diormedical\\wp-content\\plugins\\wordfence\\lib\\wfUtils.php","line":1475}

Sep 21 2026 05:26:51
{"type":2,"message":"dns_get_record(): DNS Query failed","file":"C:\\xampp\\htdocs\\diormedical\\wp-content\\plugins\\wordfence\\lib\\wfUtils.php","line":1475}

Sep 21 2026 05:26:55
{"type":2,"message":"dns_get_record(): DNS Query failed","file":"C:\\xampp\\htdocs\\diormedical\\wp-content\\plugins\\wordfence\\lib\\wfUtils.php","line":1475}

Sep 21 2026 05:26:59
{"type":2,"message":"dns_get_record(): DNS Query failed","file":"C:\\xampp\\htdocs\\diormedical\\wp-content\\plugins\\wordfence\\lib\\wfUtils.php","line":1475}

Sep 21 2026 05:27:03
{"type":2,"message":"dns_get_record(): DNS Query failed","file":"C:\\xampp\\htdocs\\diormedical\\wp-content\\plugins\\wordfence\\lib\\wfUtils.php","line":1475}

Sep 21 2026 05:27:07
{"type":2,"message":"dns_get_record(): DNS Query failed","file":"C:\\xampp\\htdocs\\diormedical\\wp-content\\plugins\\wordfence\\lib\\wfUtils.php","line":1475}

Sep 21 2026 05:27:11
{"type":2,"message":"dns_get_record(): DNS Query failed","file":"C:\\xampp\\htdocs\\diormedical\\wp-content\\plugins\\wordfence\\lib\\wfUtils.php","line":1475}

Sep 21 2026 05:27:15
{"type":2,"message":"dns_get_record(): DNS Query failed","file":"C:\\xampp\\htdocs\\diormedical\\wp-content\\plugins\\wordfence\\lib\\wfUtils.php","line":1475}

Sep 21 2026 05:27:18
{"type":2,"message":"dns_get_record(): DNS Query failed","file":"C:\\xampp\\htdocs\\diormedical\\wp-content\\plugins\\wordfence\\lib\\wfUtils.php","line":1475}

Sep 21 2026 05:27:22
{"type":2,"message":"dns_get_record(): DNS Query failed","file":"C:\\xampp\\htdocs\\diormedical\\wp-content\\plugins\\wordfence\\lib\\wfUtils.php","line":1475}

Sep 21 2026 05:27:26
{"type":2,"message":"dns_get_record(): DNS Query failed","file":"C:\\xampp\\htdocs\\diormedical\\wp-content\\plugins\\wordfence\\lib\\wfUtils.php","line":1475}

Sep 21 2026 05:27:30
{"type":2,"message":"dns_get_record(): DNS Query failed","file":"C:\\xampp\\htdocs\\diormedical\\wp-content\\plugins\\wordfence\\lib\\wfUtils.php","line":1475}

Sep 21 2026 05:27:34
{"type":2,"message":"dns_get_record(): DNS Query failed","file":"C:\\xampp\\htdocs\\diormedical\\wp-content\\plugins\\wordfence\\lib\\wfUtils.php","line":1475}

Sep 21 2026 05:27:38
{"type":2,"message":"dns_get_record(): DNS Query failed","file":"C:\\xampp\\htdocs\\diormedical\\wp-content\\plugins\\wordfence\\lib\\wfUtils.php","line":1475}

Sep 21 2026 05:27:41
{"type":2,"message":"dns_get_record(): DNS Query failed","file":"C:\\xampp\\htdocs\\diormedical\\wp-content\\plugins\\wordfence\\lib\\wfUtils.php","line":1475}

Sep 21 2026 05:27:45
{"type":2,"message":"dns_get_record(): DNS Query failed","file":"C:\\xampp\\htdocs\\diormedical\\wp-content\\plugins\\wordfence\\lib\\wfUtils.php","line":1475}

Sep 21 2026 05:27:49
{"type":2,"message":"dns_get_record(): DNS Query failed","file":"C:\\xampp\\htdocs\\diormedical\\wp-content\\plugins\\wordfence\\lib\\wfUtils.php","line":1475}

Sep 21 2026 05:27:52
{"type":2,"message":"dns_get_record(): DNS Query failed","file":"C:\\xampp\\htdocs\\diormedical\\wp-content\\plugins\\wordfence\\lib\\wfUtils.php","line":1475}

Sep 21 2026 05:27:56
{"type":2,"message":"dns_get_record(): DNS Query failed","file":"C:\\xampp\\htdocs\\diormedical\\wp-content\\plugins\\wordfence\\lib\\wfUtils.php","line":1475}

Sep 21 2026 05:28:00
{"type":2,"message":"dns_get_record(): DNS Query failed","file":"C:\\xampp\\htdocs\\diormedical\\wp-content\\plugins\\wordfence\\lib\\wfUtils.php","line":1475}

Sep 21 2026 05:28:03
{"type":2,"message":"dns_get_record(): DNS Query failed","file":"C:\\xampp\\htdocs\\diormedical\\wp-content\\plugins\\wordfence\\lib\\wfUtils.php","line":1475}

Sep 21 2026 05:28:08
{"type":2,"message":"dns_get_record(): DNS Query failed","file":"C:\\xampp\\htdocs\\diormedical\\wp-content\\plugins\\wordfence\\lib\\wfUtils.php","line":1475}

Sep 21 2026 05:28:12
{"type":2,"message":"dns_get_record(): DNS Query failed","file":"C:\\xampp\\htdocs\\diormedical\\wp-content\\plugins\\wordfence\\lib\\wfUtils.php","line":1475}

Sep 21 2026 05:28:15
{"type":2,"message":"dns_get_record(): DNS Query failed","file":"C:\\xampp\\htdocs\\diormedical\\wp-content\\plugins\\wordfence\\lib\\wfUtils.php","line":1475}

Sep 21 2026 05:28:19
{"type":2,"message":"dns_get_record(): DNS Query failed","file":"C:\\xampp\\htdocs\\diormedical\\wp-content\\plugins\\wordfence\\lib\\wfUtils.php","line":1475}

Sep 21 2026 05:28:23
{"type":2,"message":"dns_get_record(): DNS Query failed","file":"C:\\xampp\\htdocs\\diormedical\\wp-content\\plugins\\wordfence\\lib\\wfUtils.php","line":1475}

Sep 21 2026 05:28:27
{"type":2,"message":"dns_get_record(): DNS Query failed","file":"C:\\xampp\\htdocs\\diormedical\\wp-content\\plugins\\wordfence\\lib\\wfUtils.php","line":1475}

Sep 21 2026 05:28:30
{"type":2,"message":"dns_get_record(): DNS Query failed","file":"C:\\xampp\\htdocs\\diormedical\\wp-content\\plugins\\wordfence\\lib\\wfUtils.php","line":1475}

Sep 21 2026 05:28:34
{"type":2,"message":"dns_get_record(): DNS Query failed","file":"C:\\xampp\\htdocs\\diormedical\\wp-content\\plugins\\wordfence\\lib\\wfUtils.php","line":1475}

Sep 21 2026 05:28:38
{"type":2,"message":"dns_get_record(): DNS Query failed","file":"C:\\xampp\\htdocs\\diormedical\\wp-content\\plugins\\wordfence\\lib\\wfUtils.php","line":1475}

Sep 21 2026 05:28:41
{"type":2,"message":"dns_get_record(): DNS Query failed","file":"C:\\xampp\\htdocs\\diormedical\\wp-content\\plugins\\wordfence\\lib\\wfUtils.php","line":1475}

Sep 21 2026 05:28:45
{"type":2,"message":"dns_get_record(): DNS Query failed","file":"C:\\xampp\\htdocs\\diormedical\\wp-content\\plugins\\wordfence\\lib\\wfUtils.php","line":1475}

Sep 21 2026 05:28:50
{"type":2,"message":"dns_get_record(): DNS Query failed","file":"C:\\xampp\\htdocs\\diormedical\\wp-content\\plugins\\wordfence\\lib\\wfUtils.php","line":1475}

Sep 21 2026 05:28:54
{"type":2,"message":"dns_get_record(): DNS Query failed","file":"C:\\xampp\\htdocs\\diormedical\\wp-content\\plugins\\wordfence\\lib\\wfUtils.php","line":1475}

Sep 21 2026 05:28:58
{"type":2,"message":"dns_get_record(): DNS Query failed","file":"C:\\xampp\\htdocs\\diormedical\\wp-content\\plugins\\wordfence\\lib\\wfUtils.php","line":1475}

Sep 21 2026 05:29:02
{"type":2,"message":"dns_get_record(): DNS Query failed","file":"C:\\xampp\\htdocs\\diormedical\\wp-content\\plugins\\wordfence\\lib\\wfUtils.php","line":1475}

Sep 21 2026 05:29:07
{"type":2,"message":"dns_get_record(): DNS Query failed","file":"C:\\xampp\\htdocs\\diormedical\\wp-content\\plugins\\wordfence\\lib\\wfUtils.php","line":1475}

Sep 21 2026 05:29:10
{"type":2,"message":"dns_get_record(): DNS Query failed","file":"C:\\xampp\\htdocs\\diormedical\\wp-content\\plugins\\wordfence\\lib\\wfUtils.php","line":1475}

Sep 21 2026 05:29:14
{"type":2,"message":"dns_get_record(): DNS Query failed","file":"C:\\xampp\\htdocs\\diormedical\\wp-content\\plugins\\wordfence\\lib\\wfUtils.php","line":1475}

Sep 21 2026 05:29:18
{"type":2,"message":"dns_get_record(): DNS Query failed","file":"C:\\xampp\\htdocs\\diormedical\\wp-content\\plugins\\wordfence\\lib\\wfUtils.php","line":1475}

Sep 21 2026 05:29:22
{"type":2,"message":"dns_get_record(): DNS Query failed","file":"C:\\xampp\\htdocs\\diormedical\\wp-content\\plugins\\wordfence\\lib\\wfUtils.php","line":1475}

Sep 21 2026 05:29:26
{"type":2,"message":"dns_get_record(): DNS Query failed","file":"C:\\xampp\\htdocs\\diormedical\\wp-content\\plugins\\wordfence\\lib\\wfUtils.php","line":1475}

Sep 21 2026 05:29:30
{"type":2,"message":"dns_get_record(): DNS Query failed","file":"C:\\xampp\\htdocs\\diormedical\\wp-content\\plugins\\wordfence\\lib\\wfUtils.php","line":1475}

Sep 21 2026 05:29:33
{"type":2,"message":"dns_get_record(): DNS Query failed","file":"C:\\xampp\\htdocs\\diormedical\\wp-content\\plugins\\wordfence\\lib\\wfUtils.php","line":1475}

Sep 21 2026 05:29:37
{"type":2,"message":"dns_get_record(): DNS Query failed","file":"C:\\xampp\\htdocs\\diormedical\\wp-content\\plugins\\wordfence\\lib\\wfUtils.php","line":1475}

Sep 21 2026 05:29:41
{"type":2,"message":"dns_get_record(): DNS Query failed","file":"C:\\xampp\\htdocs\\diormedical\\wp-content\\plugins\\wordfence\\lib\\wfUtils.php","line":1475}

Sep 21 2026 05:29:44
{"type":2,"message":"dns_get_record(): DNS Query failed","file":"C:\\xampp\\htdocs\\diormedical\\wp-content\\plugins\\wordfence\\lib\\wfUtils.php","line":1475}

Sep 21 2026 05:29:48
{"type":2,"message":"dns_get_record(): DNS Query failed","file":"C:\\xampp\\htdocs\\diormedical\\wp-content\\plugins\\wordfence\\lib\\wfUtils.php","line":1475}

Sep 21 2026 05:29:52
{"type":2,"message":"dns_get_record(): DNS Query failed","file":"C:\\xampp\\htdocs\\diormedical\\wp-content\\plugins\\wordfence\\lib\\wfUtils.php","line":1475}

Sep 21 2026 05:29:55
{"type":2,"message":"dns_get_record(): DNS Query failed","file":"C:\\xampp\\htdocs\\diormedical\\wp-content\\plugins\\wordfence\\lib\\wfUtils.php","line":1475}

Sep 21 2026 05:29:59
{"type":2,"message":"dns_get_record(): DNS Query failed","file":"C:\\xampp\\htdocs\\diormedical\\wp-content\\plugins\\wordfence\\lib\\wfUtils.php","line":1475}

Sep 21 2026 05:30:03
{"type":2,"message":"dns_get_record(): DNS Query failed","file":"C:\\xampp\\htdocs\\diormedical\\wp-content\\plugins\\wordfence\\lib\\wfUtils.php","line":1475}

Sep 21 2026 05:30:07
{"type":2,"message":"dns_get_record(): DNS Query failed","file":"C:\\xampp\\htdocs\\diormedical\\wp-content\\plugins\\wordfence\\lib\\wfUtils.php","line":1475}

Sep 21 2026 05:30:11
{"type":2,"message":"dns_get_record(): DNS Query failed","file":"C:\\xampp\\htdocs\\diormedical\\wp-content\\plugins\\wordfence\\lib\\wfUtils.php","line":1475}

Sep 21 2026 05:30:15
{"type":2,"message":"dns_get_record(): DNS Query failed","file":"C:\\xampp\\htdocs\\diormedical\\wp-content\\plugins\\wordfence\\lib\\wfUtils.php","line":1475}

Sep 21 2026 05:30:18
{"type":2,"message":"dns_get_record(): DNS Query failed","file":"C:\\xampp\\htdocs\\diormedical\\wp-content\\plugins\\wordfence\\lib\\wfUtils.php","line":1475}

Sep 21 2026 05:30:22
{"type":2,"message":"dns_get_record(): DNS Query failed","file":"C:\\xampp\\htdocs\\diormedical\\wp-content\\plugins\\wordfence\\lib\\wfUtils.php","line":1475}

Sep 21 2026 05:30:26
{"type":2,"message":"dns_get_record(): DNS Query failed","file":"C:\\xampp\\htdocs\\diormedical\\wp-content\\plugins\\wordfence\\lib\\wfUtils.php","line":1475}

Sep 21 2026 05:30:29
{"type":2,"message":"dns_get_record(): DNS Query failed","file":"C:\\xampp\\htdocs\\diormedical\\wp-content\\plugins\\wordfence\\lib\\wfUtils.php","line":1475}

Sep 21 2026 05:30:33
{"type":2,"message":"dns_get_record(): DNS Query failed","file":"C:\\xampp\\htdocs\\diormedical\\wp-content\\plugins\\wordfence\\lib\\wfUtils.php","line":1475}

Sep 21 2026 05:30:36
{"type":2,"message":"dns_get_record(): DNS Query failed","file":"C:\\xampp\\htdocs\\diormedical\\wp-content\\plugins\\wordfence\\lib\\wfUtils.php","line":1475}

Sep 21 2026 05:30:40
{"type":2,"message":"dns_get_record(): DNS Query failed","file":"C:\\xampp\\htdocs\\diormedical\\wp-content\\plugins\\wordfence\\lib\\wfUtils.php","line":1475}

Sep 21 2026 05:30:44
{"type":2,"message":"dns_get_record(): DNS Query failed","file":"C:\\xampp\\htdocs\\diormedical\\wp-content\\plugins\\wordfence\\lib\\wfUtils.php","line":1475}

Sep 21 2026 05:30:47
{"type":2,"message":"dns_get_record(): DNS Query failed","file":"C:\\xampp\\htdocs\\diormedical\\wp-content\\plugins\\wordfence\\lib\\wfUtils.php","line":1475}

Sep 21 2026 05:30:51
{"type":2,"message":"dns_get_record(): DNS Query failed","file":"C:\\xampp\\htdocs\\diormedical\\wp-content\\plugins\\wordfence\\lib\\wfUtils.php","line":1475}

Sep 21 2026 05:30:55
{"type":2,"message":"dns_get_record(): DNS Query failed","file":"C:\\xampp\\htdocs\\diormedical\\wp-content\\plugins\\wordfence\\lib\\wfUtils.php","line":1475}

Sep 21 2026 05:30:58
{"type":2,"message":"dns_get_record(): DNS Query failed","file":"C:\\xampp\\htdocs\\diormedical\\wp-content\\plugins\\wordfence\\lib\\wfUtils.php","line":1475}

Sep 21 2026 05:31:02
{"type":2,"message":"dns_get_record(): DNS Query failed","file":"C:\\xampp\\htdocs\\diormedical\\wp-content\\plugins\\wordfence\\lib\\wfUtils.php","line":1475}

Sep 21 2026 05:31:07
{"type":2,"message":"dns_get_record(): DNS Query failed","file":"C:\\xampp\\htdocs\\diormedical\\wp-content\\plugins\\wordfence\\lib\\wfUtils.php","line":1475}

Sep 21 2026 05:31:10
{"type":2,"message":"dns_get_record(): DNS Query failed","file":"C:\\xampp\\htdocs\\diormedical\\wp-content\\plugins\\wordfence\\lib\\wfUtils.php","line":1475}

Sep 21 2026 05:31:14
{"type":2,"message":"dns_get_record(): DNS Query failed","file":"C:\\xampp\\htdocs\\diormedical\\wp-content\\plugins\\wordfence\\lib\\wfUtils.php","line":1475}

Sep 21 2026 05:31:18
{"type":2,"message":"dns_get_record(): DNS Query failed","file":"C:\\xampp\\htdocs\\diormedical\\wp-content\\plugins\\wordfence\\lib\\wfUtils.php","line":1475}

Sep 21 2026 05:31:21
{"type":2,"message":"dns_get_record(): DNS Query failed","file":"C:\\xampp\\htdocs\\diormedical\\wp-content\\plugins\\wordfence\\lib\\wfUtils.php","line":1475}

Sep 21 2026 05:31:25
{"type":2,"message":"dns_get_record(): DNS Query failed","file":"C:\\xampp\\htdocs\\diormedical\\wp-content\\plugins\\wordfence\\lib\\wfUtils.php","line":1475}

Sep 21 2026 05:31:29
{"type":2,"message":"dns_get_record(): DNS Query failed","file":"C:\\xampp\\htdocs\\diormedical\\wp-content\\plugins\\wordfence\\lib\\wfUtils.php","line":1475}

Sep 21 2026 05:31:32
{"type":2,"message":"dns_get_record(): DNS Query failed","file":"C:\\xampp\\htdocs\\diormedical\\wp-content\\plugins\\wordfence\\lib\\wfUtils.php","line":1475}

Sep 21 2026 05:31:36
{"type":2,"message":"dns_get_record(): DNS Query failed","file":"C:\\xampp\\htdocs\\diormedical\\wp-content\\plugins\\wordfence\\lib\\wfUtils.php","line":1475}

Sep 21 2026 05:31:40
{"type":2,"message":"dns_get_record(): DNS Query failed","file":"C:\\xampp\\htdocs\\diormedical\\wp-content\\plugins\\wordfence\\lib\\wfUtils.php","line":1475}

Sep 21 2026 05:31:43
{"type":2,"message":"dns_get_record(): DNS Query failed","file":"C:\\xampp\\htdocs\\diormedical\\wp-content\\plugins\\wordfence\\lib\\wfUtils.php","line":1475}

Sep 21 2026 05:31:47
{"type":2,"message":"dns_get_record(): DNS Query failed","file":"C:\\xampp\\htdocs\\diormedical\\wp-content\\plugins\\wordfence\\lib\\wfUtils.php","line":1475}

Sep 21 2026 05:31:51
{"type":2,"message":"dns_get_record(): DNS Query failed","file":"C:\\xampp\\htdocs\\diormedical\\wp-content\\plugins\\wordfence\\lib\\wfUtils.php","line":1475}

Sep 21 2026 05:31:54
{"type":2,"message":"dns_get_record(): DNS Query failed","file":"C:\\xampp\\htdocs\\diormedical\\wp-content\\plugins\\wordfence\\lib\\wfUtils.php","line":1475}

Sep 21 2026 05:31:58
{"type":2,"message":"dns_get_record(): DNS Query failed","file":"C:\\xampp\\htdocs\\diormedical\\wp-content\\plugins\\wordfence\\lib\\wfUtils.php","line":1475}

Sep 21 2026 05:32:01
{"type":2,"message":"dns_get_record(): DNS Query failed","file":"C:\\xampp\\htdocs\\diormedical\\wp-content\\plugins\\wordfence\\lib\\wfUtils.php","line":1475}

Sep 21 2026 05:32:06
{"type":2,"message":"dns_get_record(): DNS Query failed","file":"C:\\xampp\\htdocs\\diormedical\\wp-content\\plugins\\wordfence\\lib\\wfUtils.php","line":1475}

Sep 21 2026 05:32:10
{"type":2,"message":"dns_get_record(): DNS Query failed","file":"C:\\xampp\\htdocs\\diormedical\\wp-content\\plugins\\wordfence\\lib\\wfUtils.php","line":1475}

Sep 21 2026 05:32:13
{"type":2,"message":"dns_get_record(): DNS Query failed","file":"C:\\xampp\\htdocs\\diormedical\\wp-content\\plugins\\wordfence\\lib\\wfUtils.php","line":1475}

Sep 21 2026 05:32:17
{"type":2,"message":"dns_get_record(): DNS Query failed","file":"C:\\xampp\\htdocs\\diormedical\\wp-content\\plugins\\wordfence\\lib\\wfUtils.php","line":1475}

Sep 21 2026 05:32:21
{"type":2,"message":"dns_get_record(): DNS Query failed","file":"C:\\xampp\\htdocs\\diormedical\\wp-content\\plugins\\wordfence\\lib\\wfUtils.php","line":1475}

Sep 21 2026 05:32:24
{"type":2,"message":"dns_get_record(): DNS Query failed","file":"C:\\xampp\\htdocs\\diormedical\\wp-content\\plugins\\wordfence\\lib\\wfUtils.php","line":1475}

Sep 21 2026 05:32:28
{"type":2,"message":"dns_get_record(): DNS Query failed","file":"C:\\xampp\\htdocs\\diormedical\\wp-content\\plugins\\wordfence\\lib\\wfUtils.php","line":1475}

Sep 21 2026 05:32:32
{"type":2,"message":"dns_get_record(): DNS Query failed","file":"C:\\xampp\\htdocs\\diormedical\\wp-content\\plugins\\wordfence\\lib\\wfUtils.php","line":1475}

Sep 21 2026 05:32:35
{"type":2,"message":"dns_get_record(): DNS Query failed","file":"C:\\xampp\\htdocs\\diormedical\\wp-content\\plugins\\wordfence\\lib\\wfUtils.php","line":1475}

Sep 21 2026 05:32:39
{"type":2,"message":"dns_get_record(): DNS Query failed","file":"C:\\xampp\\htdocs\\diormedical\\wp-content\\plugins\\wordfence\\lib\\wfUtils.php","line":1475}

Sep 21 2026 05:32:43
{"type":2,"message":"dns_get_record(): DNS Query failed","file":"C:\\xampp\\htdocs\\diormedical\\wp-content\\plugins\\wordfence\\lib\\wfUtils.php","line":1475}

Sep 21 2026 05:32:46
{"type":2,"message":"dns_get_record(): DNS Query failed","file":"C:\\xampp\\htdocs\\diormedical\\wp-content\\plugins\\wordfence\\lib\\wfUtils.php","line":1475}

Sep 21 2026 05:32:50
{"type":2,"message":"dns_get_record(): DNS Query failed","file":"C:\\xampp\\htdocs\\diormedical\\wp-content\\plugins\\wordfence\\lib\\wfUtils.php","line":1475}

Sep 21 2026 05:32:53
{"type":2,"message":"dns_get_record(): DNS Query failed","file":"C:\\xampp\\htdocs\\diormedical\\wp-content\\plugins\\wordfence\\lib\\wfUtils.php","line":1475}

Sep 21 2026 05:32:57
{"type":2,"message":"dns_get_record(): DNS Query failed","file":"C:\\xampp\\htdocs\\diormedical\\wp-content\\plugins\\wordfence\\lib\\wfUtils.php","line":1475}

Sep 21 2026 05:33:01
{"type":2,"message":"dns_get_record(): DNS Query failed","file":"C:\\xampp\\htdocs\\diormedical\\wp-content\\plugins\\wordfence\\lib\\wfUtils.php","line":1475}

Sep 21 2026 05:33:04
{"type":2,"message":"dns_get_record(): DNS Query failed","file":"C:\\xampp\\htdocs\\diormedical\\wp-content\\plugins\\wordfence\\lib\\wfUtils.php","line":1475}

Sep 21 2026 05:33:09
{"type":2,"message":"dns_get_record(): DNS Query failed","file":"C:\\xampp\\htdocs\\diormedical\\wp-content\\plugins\\wordfence\\lib\\wfUtils.php","line":1475}

Sep 21 2026 05:33:13
{"type":2,"message":"dns_get_record(): DNS Query failed","file":"C:\\xampp\\htdocs\\diormedical\\wp-content\\plugins\\wordfence\\lib\\wfUtils.php","line":1475}

Sep 21 2026 05:33:17
{"type":2,"message":"dns_get_record(): DNS Query failed","file":"C:\\xampp\\htdocs\\diormedical\\wp-content\\plugins\\wordfence\\lib\\wfUtils.php","line":1475}

Sep 21 2026 05:33:20
{"type":2,"message":"dns_get_record(): DNS Query failed","file":"C:\\xampp\\htdocs\\diormedical\\wp-content\\plugins\\wordfence\\lib\\wfUtils.php","line":1475}

Sep 21 2026 05:33:24
{"type":2,"message":"dns_get_record(): DNS Query failed","file":"C:\\xampp\\htdocs\\diormedical\\wp-content\\plugins\\wordfence\\lib\\wfUtils.php","line":1475}

Sep 21 2026 05:33:28
{"type":2,"message":"dns_get_record(): DNS Query failed","file":"C:\\xampp\\htdocs\\diormedical\\wp-content\\plugins\\wordfence\\lib\\wfUtils.php","line":1475}

Sep 21 2026 05:33:31
{"type":2,"message":"dns_get_record(): DNS Query failed","file":"C:\\xampp\\htdocs\\diormedical\\wp-content\\plugins\\wordfence\\lib\\wfUtils.php","line":1475}

Sep 21 2026 05:33:35
{"type":2,"message":"dns_get_record(): DNS Query failed","file":"C:\\xampp\\htdocs\\diormedical\\wp-content\\plugins\\wordfence\\lib\\wfUtils.php","line":1475}

Sep 21 2026 05:33:39
{"type":2,"message":"dns_get_record(): DNS Query failed","file":"C:\\xampp\\htdocs\\diormedical\\wp-content\\plugins\\wordfence\\lib\\wfUtils.php","line":1475}

Sep 21 2026 05:33:42
{"type":2,"message":"dns_get_record(): DNS Query failed","file":"C:\\xampp\\htdocs\\diormedical\\wp-content\\plugins\\wordfence\\lib\\wfUtils.php","line":1475}

Sep 21 2026 05:33:46
{"type":2,"message":"dns_get_record(): DNS Query failed","file":"C:\\xampp\\htdocs\\diormedical\\wp-content\\plugins\\wordfence\\lib\\wfUtils.php","line":1475}

Sep 21 2026 05:33:50
{"type":2,"message":"dns_get_record(): DNS Query failed","file":"C:\\xampp\\htdocs\\diormedical\\wp-content\\plugins\\wordfence\\lib\\wfUtils.php","line":1475}

Sep 21 2026 05:33:54
{"type":2,"message":"dns_get_record(): DNS Query failed","file":"C:\\xampp\\htdocs\\diormedical\\wp-content\\plugins\\wordfence\\lib\\wfUtils.php","line":1475}

Sep 21 2026 05:33:57
{"type":2,"message":"dns_get_record(): DNS Query failed","file":"C:\\xampp\\htdocs\\diormedical\\wp-content\\plugins\\wordfence\\lib\\wfUtils.php","line":1475}

Sep 21 2026 05:34:01
{"type":2,"message":"dns_get_record(): DNS Query failed","file":"C:\\xampp\\htdocs\\diormedical\\wp-content\\plugins\\wordfence\\lib\\wfUtils.php","line":1475}

Sep 21 2026 05:34:06
{"type":2,"message":"dns_get_record(): DNS Query failed","file":"C:\\xampp\\htdocs\\diormedical\\wp-content\\plugins\\wordfence\\lib\\wfUtils.php","line":1475}

Sep 21 2026 05:34:09
{"type":2,"message":"dns_get_record(): DNS Query failed","file":"C:\\xampp\\htdocs\\diormedical\\wp-content\\plugins\\wordfence\\lib\\wfUtils.php","line":1475}

Sep 21 2026 05:34:13
{"type":2,"message":"dns_get_record(): DNS Query failed","file":"C:\\xampp\\htdocs\\diormedical\\wp-content\\plugins\\wordfence\\lib\\wfUtils.php","line":1475}

Sep 21 2026 05:34:17
{"type":2,"message":"dns_get_record(): DNS Query failed","file":"C:\\xampp\\htdocs\\diormedical\\wp-content\\plugins\\wordfence\\lib\\wfUtils.php","line":1475}

Sep 21 2026 05:34:20
{"type":2,"message":"dns_get_record(): DNS Query failed","file":"C:\\xampp\\htdocs\\diormedical\\wp-content\\plugins\\wordfence\\lib\\wfUtils.php","line":1475}

Sep 21 2026 05:34:24
{"type":2,"message":"dns_get_record(): DNS Query failed","file":"C:\\xampp\\htdocs\\diormedical\\wp-content\\plugins\\wordfence\\lib\\wfUtils.php","line":1475}

Sep 21 2026 05:34:27
{"type":2,"message":"dns_get_record(): DNS Query failed","file":"C:\\xampp\\htdocs\\diormedical\\wp-content\\plugins\\wordfence\\lib\\wfUtils.php","line":1475}

Sep 21 2026 05:34:31
{"type":2,"message":"dns_get_record(): DNS Query failed","file":"C:\\xampp\\htdocs\\diormedical\\wp-content\\plugins\\wordfence\\lib\\wfUtils.php","line":1475}

Sep 21 2026 05:34:35
{"type":2,"message":"dns_get_record(): DNS Query failed","file":"C:\\xampp\\htdocs\\diormedical\\wp-content\\plugins\\wordfence\\lib\\wfUtils.php","line":1475}

Sep 21 2026 05:34:38
{"type":2,"message":"dns_get_record(): DNS Query failed","file":"C:\\xampp\\htdocs\\diormedical\\wp-content\\plugins\\wordfence\\lib\\wfUtils.php","line":1475}

Sep 21 2026 05:34:42
{"type":2,"message":"dns_get_record(): DNS Query failed","file":"C:\\xampp\\htdocs\\diormedical\\wp-content\\plugins\\wordfence\\lib\\wfUtils.php","line":1475}

Sep 21 2026 05:34:46
{"type":2,"message":"dns_get_record(): DNS Query failed","file":"C:\\xampp\\htdocs\\diormedical\\wp-content\\plugins\\wordfence\\lib\\wfUtils.php","line":1475}

Sep 21 2026 05:34:49
{"type":2,"message":"dns_get_record(): DNS Query failed","file":"C:\\xampp\\htdocs\\diormedical\\wp-content\\plugins\\wordfence\\lib\\wfUtils.php","line":1475}

Sep 21 2026 05:34:53
{"type":2,"message":"dns_get_record(): DNS Query failed","file":"C:\\xampp\\htdocs\\diormedical\\wp-content\\plugins\\wordfence\\lib\\wfUtils.php","line":1475}

Sep 21 2026 05:34:57
{"type":2,"message":"dns_get_record(): DNS Query failed","file":"C:\\xampp\\htdocs\\diormedical\\wp-content\\plugins\\wordfence\\lib\\wfUtils.php","line":1475}

Sep 21 2026 05:35:00
{"type":2,"message":"dns_get_record(): DNS Query failed","file":"C:\\xampp\\htdocs\\diormedical\\wp-content\\plugins\\wordfence\\lib\\wfUtils.php","line":1475}

Sep 21 2026 05:35:04
{"type":2,"message":"dns_get_record(): DNS Query failed","file":"C:\\xampp\\htdocs\\diormedical\\wp-content\\plugins\\wordfence\\lib\\wfUtils.php","line":1475}

Sep 21 2026 05:35:09
{"type":2,"message":"dns_get_record(): DNS Query failed","file":"C:\\xampp\\htdocs\\diormedical\\wp-content\\plugins\\wordfence\\lib\\wfUtils.php","line":1475}

Sep 21 2026 05:35:12
{"type":2,"message":"dns_get_record(): DNS Query failed","file":"C:\\xampp\\htdocs\\diormedical\\wp-content\\plugins\\wordfence\\lib\\wfUtils.php","line":1475}

Sep 21 2026 05:35:16
{"type":2,"message":"dns_get_record(): DNS Query failed","file":"C:\\xampp\\htdocs\\diormedical\\wp-content\\plugins\\wordfence\\lib\\wfUtils.php","line":1475}

Sep 21 2026 05:35:20
{"type":2,"message":"dns_get_record(): DNS Query failed","file":"C:\\xampp\\htdocs\\diormedical\\wp-content\\plugins\\wordfence\\lib\\wfUtils.php","line":1475}

Sep 21 2026 05:35:23
{"type":2,"message":"dns_get_record(): DNS Query failed","file":"C:\\xampp\\htdocs\\diormedical\\wp-content\\plugins\\wordfence\\lib\\wfUtils.php","line":1475}

Sep 21 2026 05:35:27
{"type":2,"message":"dns_get_record(): DNS Query failed","file":"C:\\xampp\\htdocs\\diormedical\\wp-content\\plugins\\wordfence\\lib\\wfUtils.php","line":1475}

Sep 21 2026 05:35:30
{"type":2,"message":"dns_get_record(): DNS Query failed","file":"C:\\xampp\\htdocs\\diormedical\\wp-content\\plugins\\wordfence\\lib\\wfUtils.php","line":1475}

Sep 21 2026 05:35:34
{"type":2,"message":"dns_get_record(): DNS Query failed","file":"C:\\xampp\\htdocs\\diormedical\\wp-content\\plugins\\wordfence\\lib\\wfUtils.php","line":1475}

Sep 21 2026 05:35:38
{"type":2,"message":"dns_get_record(): DNS Query failed","file":"C:\\xampp\\htdocs\\diormedical\\wp-content\\plugins\\wordfence\\lib\\wfUtils.php","line":1475}

Sep 21 2026 05:35:42
{"type":2,"message":"dns_get_record(): DNS Query failed","file":"C:\\xampp\\htdocs\\diormedical\\wp-content\\plugins\\wordfence\\lib\\wfUtils.php","line":1475}

Sep 21 2026 05:35:46
{"type":2,"message":"dns_get_record(): DNS Query failed","file":"C:\\xampp\\htdocs\\diormedical\\wp-content\\plugins\\wordfence\\lib\\wfUtils.php","line":1475}

Sep 21 2026 05:36:37
{"type":2,"message":"dns_get_record(): DNS Query failed","file":"C:\\xampp\\htdocs\\diormedical\\wp-content\\plugins\\wordfence\\lib\\wfUtils.php","line":1475}

Sep 21 2026 05:36:41
{"type":2,"message":"dns_get_record(): DNS Query failed","file":"C:\\xampp\\htdocs\\diormedical\\wp-content\\plugins\\wordfence\\lib\\wfUtils.php","line":1475}

Sep 21 2026 05:36:55
{"type":2,"message":"dns_get_record(): DNS Query failed","file":"C:\\xampp\\htdocs\\diormedical\\wp-content\\plugins\\wordfence\\lib\\wfUtils.php","line":1475}

Sep 21 2026 05:37:13
{"type":2,"message":"dns_get_record(): DNS Query failed","file":"C:\\xampp\\htdocs\\diormedical\\wp-content\\plugins\\wordfence\\lib\\wfUtils.php","line":1475}

Sep 21 2026 05:37:26
{"type":2,"message":"dns_get_record(): DNS Query failed","file":"C:\\xampp\\htdocs\\diormedical\\wp-content\\plugins\\wordfence\\lib\\wfUtils.php","line":1475}

Sep 21 2026 05:37:33
{"type":2,"message":"dns_get_record(): DNS Query failed","file":"C:\\xampp\\htdocs\\diormedical\\wp-content\\plugins\\wordfence\\lib\\wfUtils.php","line":1475}

Sep 21 2026 05:37:36
{"Number":8192,"Message":"Creation of dynamic property Ai1wm_Database_Mysqli::$old_replace_raw_values is deprecated","File":"C:\\xampp\\htdocs\\diormedical\\wp-content\\plugins\\All-In-One-WP-Migration-Pro-master\\lib\\vendor\\servmask\\database\\class-ai1wm-database.php","Line":300}

Sep 21 2026 05:37:36
{"Number":8192,"Message":"Creation of dynamic property Ai1wm_Database_Mysqli::$new_replace_raw_values is deprecated","File":"C:\\xampp\\htdocs\\diormedical\\wp-content\\plugins\\All-In-One-WP-Migration-Pro-master\\lib\\vendor\\servmask\\database\\class-ai1wm-database.php","Line":321}

Sep 21 2026 05:37:46
{"type":2,"message":"dns_get_record(): DNS Query failed","file":"C:\\xampp\\htdocs\\diormedical\\wp-content\\plugins\\wordfence\\lib\\wfUtils.php","line":1475}

Sep 21 2026 05:37:47
{"Number":8192,"Message":"Creation of dynamic property Ai1wm_Database_Mysqli::$old_replace_raw_values is deprecated","File":"C:\\xampp\\htdocs\\diormedical\\wp-content\\plugins\\All-In-One-WP-Migration-Pro-master\\lib\\vendor\\servmask\\database\\class-ai1wm-database.php","Line":300}

Sep 21 2026 05:37:47
{"Number":8192,"Message":"Creation of dynamic property Ai1wm_Database_Mysqli::$new_replace_raw_values is deprecated","File":"C:\\xampp\\htdocs\\diormedical\\wp-content\\plugins\\All-In-One-WP-Migration-Pro-master\\lib\\vendor\\servmask\\database\\class-ai1wm-database.php","Line":321}

Sep 21 2026 05:37:57
{"type":8192,"message":"Return type of Ai1wm_Recursive_Newline_Filter::accept() should either be compatible with FilterIterator::accept(): bool, or the #[\\ReturnTypeWillChange] attribute should be used to temporarily suppress the notice","file":"C:\\xampp\\htdocs\\diormedical\\wp-content\\plugins\\All-In-One-WP-Migration-Pro-master\\lib\\vendor\\servmask\\filter\\class-ai1wm-recursive-newline-filter.php","line":28}

Sep 21 2026 05:37:57
{"Number":8192,"Message":"Creation of dynamic property Ai1wm_Database_Mysqli::$old_replace_raw_values is deprecated","File":"C:\\xampp\\htdocs\\diormedical\\wp-content\\plugins\\All-In-One-WP-Migration-Pro-master\\lib\\vendor\\servmask\\database\\class-ai1wm-database.php","Line":300}

Sep 21 2026 05:37:57
{"Number":8192,"Message":"Creation of dynamic property Ai1wm_Database_Mysqli::$new_replace_raw_values is deprecated","File":"C:\\xampp\\htdocs\\diormedical\\wp-content\\plugins\\All-In-One-WP-Migration-Pro-master\\lib\\vendor\\servmask\\database\\class-ai1wm-database.php","Line":321}

Sep 21 2026 05:38:06
{"type":8192,"message":"Return type of Ai1wm_Recursive_Newline_Filter::accept() should either be compatible with FilterIterator::accept(): bool, or the #[\\ReturnTypeWillChange] attribute should be used to temporarily suppress the notice","file":"C:\\xampp\\htdocs\\diormedical\\wp-content\\plugins\\All-In-One-WP-Migration-Pro-master\\lib\\vendor\\servmask\\filter\\class-ai1wm-recursive-newline-filter.php","line":28}

Sep 21 2026 05:38:06
{"type":8192,"message":"Return type of Ai1wm_Recursive_Newline_Filter::accept() should either be compatible with FilterIterator::accept(): bool, or the #[\\ReturnTypeWillChange] attribute should be used to temporarily suppress the notice","file":"C:\\xampp\\htdocs\\diormedical\\wp-content\\plugins\\All-In-One-WP-Migration-Pro-master\\lib\\vendor\\servmask\\filter\\class-ai1wm-recursive-newline-filter.php","line":28}

Sep 21 2026 05:38:11
{"type":2,"message":"dns_get_record(): DNS Query failed","file":"C:\\xampp\\htdocs\\diormedical\\wp-content\\plugins\\wordfence\\lib\\wfUtils.php","line":1475}

Sep 24 2026 12:54:49
{"type":2,"message":"dns_get_record(): DNS Query failed","file":"C:\\xampp\\htdocs\\diormedical\\wp-content\\plugins\\wordfence\\lib\\wfUtils.php","line":1475}

Sep 24 2026 12:54:53
{"type":2,"message":"dns_get_record(): DNS Query failed","file":"C:\\xampp\\htdocs\\diormedical\\wp-content\\plugins\\wordfence\\lib\\wfUtils.php","line":1475}

Sep 24 2026 12:54:57
{"type":2,"message":"dns_get_record(): DNS Query failed","file":"C:\\xampp\\htdocs\\diormedical\\wp-content\\plugins\\wordfence\\lib\\wfUtils.php","line":1475}

Sep 24 2026 12:55:01
{"type":2,"message":"dns_get_record(): DNS Query failed","file":"C:\\xampp\\htdocs\\diormedical\\wp-content\\plugins\\wordfence\\lib\\wfUtils.php","line":1475}

Sep 24 2026 12:55:04
{"type":2,"message":"dns_get_record(): DNS Query failed","file":"C:\\xampp\\htdocs\\diormedical\\wp-content\\plugins\\wordfence\\lib\\wfUtils.php","line":1475}

Sep 24 2026 12:55:08
{"type":2,"message":"dns_get_record(): DNS Query failed","file":"C:\\xampp\\htdocs\\diormedical\\wp-content\\plugins\\wordfence\\lib\\wfUtils.php","line":1475}

Sep 24 2026 12:55:12
{"type":2,"message":"dns_get_record(): DNS Query failed","file":"C:\\xampp\\htdocs\\diormedical\\wp-content\\plugins\\wordfence\\lib\\wfUtils.php","line":1475}

Sep 24 2026 12:55:16
{"type":2,"message":"dns_get_record(): DNS Query failed","file":"C:\\xampp\\htdocs\\diormedical\\wp-content\\plugins\\wordfence\\lib\\wfUtils.php","line":1475}

Sep 24 2026 12:55:20
{"type":2,"message":"dns_get_record(): DNS Query failed","file":"C:\\xampp\\htdocs\\diormedical\\wp-content\\plugins\\wordfence\\lib\\wfUtils.php","line":1475}

Sep 24 2026 12:55:24
{"type":2,"message":"dns_get_record(): DNS Query failed","file":"C:\\xampp\\htdocs\\diormedical\\wp-content\\plugins\\wordfence\\lib\\wfUtils.php","line":1475}

Sep 24 2026 12:55:27
{"type":2,"message":"dns_get_record(): DNS Query failed","file":"C:\\xampp\\htdocs\\diormedical\\wp-content\\plugins\\wordfence\\lib\\wfUtils.php","line":1475}

Sep 24 2026 12:55:31
{"type":2,"message":"dns_get_record(): DNS Query failed","file":"C:\\xampp\\htdocs\\diormedical\\wp-content\\plugins\\wordfence\\lib\\wfUtils.php","line":1475}

Sep 24 2026 12:55:35
{"type":2,"message":"dns_get_record(): DNS Query failed","file":"C:\\xampp\\htdocs\\diormedical\\wp-content\\plugins\\wordfence\\lib\\wfUtils.php","line":1475}

Sep 24 2026 12:55:40
{"type":2,"message":"dns_get_record(): DNS Query failed","file":"C:\\xampp\\htdocs\\diormedical\\wp-content\\plugins\\wordfence\\lib\\wfUtils.php","line":1475}

Sep 24 2026 12:55:44
{"type":2,"message":"dns_get_record(): DNS Query failed","file":"C:\\xampp\\htdocs\\diormedical\\wp-content\\plugins\\wordfence\\lib\\wfUtils.php","line":1475}

Sep 24 2026 12:55:48
{"type":2,"message":"dns_get_record(): DNS Query failed","file":"C:\\xampp\\htdocs\\diormedical\\wp-content\\plugins\\wordfence\\lib\\wfUtils.php","line":1475}

Sep 24 2026 12:55:52
{"type":2,"message":"dns_get_record(): DNS Query failed","file":"C:\\xampp\\htdocs\\diormedical\\wp-content\\plugins\\wordfence\\lib\\wfUtils.php","line":1475}

Sep 24 2026 12:55:56
{"type":2,"message":"dns_get_record(): DNS Query failed","file":"C:\\xampp\\htdocs\\diormedical\\wp-content\\plugins\\wordfence\\lib\\wfUtils.php","line":1475}

Sep 24 2026 12:55:59
{"type":2,"message":"dns_get_record(): DNS Query failed","file":"C:\\xampp\\htdocs\\diormedical\\wp-content\\plugins\\wordfence\\lib\\wfUtils.php","line":1475}

Sep 24 2026 12:56:03
{"type":2,"message":"dns_get_record(): DNS Query failed","file":"C:\\xampp\\htdocs\\diormedical\\wp-content\\plugins\\wordfence\\lib\\wfUtils.php","line":1475}

Sep 24 2026 12:56:07
{"type":2,"message":"dns_get_record(): DNS Query failed","file":"C:\\xampp\\htdocs\\diormedical\\wp-content\\plugins\\wordfence\\lib\\wfUtils.php","line":1475}

Sep 24 2026 12:56:11
{"type":2,"message":"dns_get_record(): DNS Query failed","file":"C:\\xampp\\htdocs\\diormedical\\wp-content\\plugins\\wordfence\\lib\\wfUtils.php","line":1475}

Sep 24 2026 12:56:15
{"type":2,"message":"dns_get_record(): DNS Query failed","file":"C:\\xampp\\htdocs\\diormedical\\wp-content\\plugins\\wordfence\\lib\\wfUtils.php","line":1475}

Sep 24 2026 12:56:19
{"type":2,"message":"dns_get_record(): DNS Query failed","file":"C:\\xampp\\htdocs\\diormedical\\wp-content\\plugins\\wordfence\\lib\\wfUtils.php","line":1475}

Sep 24 2026 12:56:24
{"type":2,"message":"dns_get_record(): DNS Query failed","file":"C:\\xampp\\htdocs\\diormedical\\wp-content\\plugins\\wordfence\\lib\\wfUtils.php","line":1475}

Sep 24 2026 12:56:27
{"type":2,"message":"dns_get_record(): DNS Query failed","file":"C:\\xampp\\htdocs\\diormedical\\wp-content\\plugins\\wordfence\\lib\\wfUtils.php","line":1475}

Sep 24 2026 12:56:31
{"type":2,"message":"dns_get_record(): DNS Query failed","file":"C:\\xampp\\htdocs\\diormedical\\wp-content\\plugins\\wordfence\\lib\\wfUtils.php","line":1475}

Sep 24 2026 12:56:35
{"type":2,"message":"dns_get_record(): DNS Query failed","file":"C:\\xampp\\htdocs\\diormedical\\wp-content\\plugins\\wordfence\\lib\\wfUtils.php","line":1475}

Sep 24 2026 12:56:40
{"type":2,"message":"dns_get_record(): DNS Query failed","file":"C:\\xampp\\htdocs\\diormedical\\wp-content\\plugins\\wordfence\\lib\\wfUtils.php","line":1475}

Sep 24 2026 12:56:44
{"type":2,"message":"dns_get_record(): DNS Query failed","file":"C:\\xampp\\htdocs\\diormedical\\wp-content\\plugins\\wordfence\\lib\\wfUtils.php","line":1475}

Sep 24 2026 12:56:48
{"type":2,"message":"dns_get_record(): DNS Query failed","file":"C:\\xampp\\htdocs\\diormedical\\wp-content\\plugins\\wordfence\\lib\\wfUtils.php","line":1475}

Sep 24 2026 12:56:52
{"type":2,"message":"dns_get_record(): DNS Query failed","file":"C:\\xampp\\htdocs\\diormedical\\wp-content\\plugins\\wordfence\\lib\\wfUtils.php","line":1475}

Sep 24 2026 12:56:56
{"type":2,"message":"dns_get_record(): DNS Query failed","file":"C:\\xampp\\htdocs\\diormedical\\wp-content\\plugins\\wordfence\\lib\\wfUtils.php","line":1475}

Sep 24 2026 12:56:59
{"type":2,"message":"dns_get_record(): DNS Query failed","file":"C:\\xampp\\htdocs\\diormedical\\wp-content\\plugins\\wordfence\\lib\\wfUtils.php","line":1475}

Sep 24 2026 12:57:03
{"type":2,"message":"dns_get_record(): DNS Query failed","file":"C:\\xampp\\htdocs\\diormedical\\wp-content\\plugins\\wordfence\\lib\\wfUtils.php","line":1475}

Sep 24 2026 12:57:07
{"type":2,"message":"dns_get_record(): DNS Query failed","file":"C:\\xampp\\htdocs\\diormedical\\wp-content\\plugins\\wordfence\\lib\\wfUtils.php","line":1475}

Sep 24 2026 12:57:11
{"type":2,"message":"dns_get_record(): DNS Query failed","file":"C:\\xampp\\htdocs\\diormedical\\wp-content\\plugins\\wordfence\\lib\\wfUtils.php","line":1475}

Sep 24 2026 12:57:15
{"type":2,"message":"dns_get_record(): DNS Query failed","file":"C:\\xampp\\htdocs\\diormedical\\wp-content\\plugins\\wordfence\\lib\\wfUtils.php","line":1475}

Sep 24 2026 12:57:19
{"type":2,"message":"dns_get_record(): DNS Query failed","file":"C:\\xampp\\htdocs\\diormedical\\wp-content\\plugins\\wordfence\\lib\\wfUtils.php","line":1475}

Sep 24 2026 12:57:24
{"type":2,"message":"dns_get_record(): DNS Query failed","file":"C:\\xampp\\htdocs\\diormedical\\wp-content\\plugins\\wordfence\\lib\\wfUtils.php","line":1475}

Sep 24 2026 12:57:27
{"type":2,"message":"dns_get_record(): DNS Query failed","file":"C:\\xampp\\htdocs\\diormedical\\wp-content\\plugins\\wordfence\\lib\\wfUtils.php","line":1475}

Sep 24 2026 12:57:31
{"type":2,"message":"dns_get_record(): DNS Query failed","file":"C:\\xampp\\htdocs\\diormedical\\wp-content\\plugins\\wordfence\\lib\\wfUtils.php","line":1475}

Sep 24 2026 12:57:35
{"type":2,"message":"dns_get_record(): DNS Query failed","file":"C:\\xampp\\htdocs\\diormedical\\wp-content\\plugins\\wordfence\\lib\\wfUtils.php","line":1475}

Sep 24 2026 12:57:40
{"type":2,"message":"dns_get_record(): DNS Query failed","file":"C:\\xampp\\htdocs\\diormedical\\wp-content\\plugins\\wordfence\\lib\\wfUtils.php","line":1475}

Sep 24 2026 12:57:44
{"type":2,"message":"dns_get_record(): DNS Query failed","file":"C:\\xampp\\htdocs\\diormedical\\wp-content\\plugins\\wordfence\\lib\\wfUtils.php","line":1475}

Sep 24 2026 12:57:48
{"type":2,"message":"dns_get_record(): DNS Query failed","file":"C:\\xampp\\htdocs\\diormedical\\wp-content\\plugins\\wordfence\\lib\\wfUtils.php","line":1475}

Sep 24 2026 12:57:52
{"type":2,"message":"dns_get_record(): DNS Query failed","file":"C:\\xampp\\htdocs\\diormedical\\wp-content\\plugins\\wordfence\\lib\\wfUtils.php","line":1475}

Sep 24 2026 12:57:56
{"type":2,"message":"dns_get_record(): DNS Query failed","file":"C:\\xampp\\htdocs\\diormedical\\wp-content\\plugins\\wordfence\\lib\\wfUtils.php","line":1475}

Sep 24 2026 12:57:59
{"type":2,"message":"dns_get_record(): DNS Query failed","file":"C:\\xampp\\htdocs\\diormedical\\wp-content\\plugins\\wordfence\\lib\\wfUtils.php","line":1475}

Sep 24 2026 12:58:03
{"type":2,"message":"dns_get_record(): DNS Query failed","file":"C:\\xampp\\htdocs\\diormedical\\wp-content\\plugins\\wordfence\\lib\\wfUtils.php","line":1475}

Sep 24 2026 12:58:07
{"type":2,"message":"dns_get_record(): DNS Query failed","file":"C:\\xampp\\htdocs\\diormedical\\wp-content\\plugins\\wordfence\\lib\\wfUtils.php","line":1475}

Sep 24 2026 12:58:11
{"type":2,"message":"dns_get_record(): DNS Query failed","file":"C:\\xampp\\htdocs\\diormedical\\wp-content\\plugins\\wordfence\\lib\\wfUtils.php","line":1475}

Sep 24 2026 12:58:15
{"type":2,"message":"dns_get_record(): DNS Query failed","file":"C:\\xampp\\htdocs\\diormedical\\wp-content\\plugins\\wordfence\\lib\\wfUtils.php","line":1475}

Sep 24 2026 12:58:19
{"type":2,"message":"dns_get_record(): DNS Query failed","file":"C:\\xampp\\htdocs\\diormedical\\wp-content\\plugins\\wordfence\\lib\\wfUtils.php","line":1475}

Sep 24 2026 12:58:24
{"type":2,"message":"dns_get_record(): DNS Query failed","file":"C:\\xampp\\htdocs\\diormedical\\wp-content\\plugins\\wordfence\\lib\\wfUtils.php","line":1475}

Sep 24 2026 12:58:28
{"type":2,"message":"dns_get_record(): DNS Query failed","file":"C:\\xampp\\htdocs\\diormedical\\wp-content\\plugins\\wordfence\\lib\\wfUtils.php","line":1475}

Sep 24 2026 12:58:31
{"type":2,"message":"dns_get_record(): DNS Query failed","file":"C:\\xampp\\htdocs\\diormedical\\wp-content\\plugins\\wordfence\\lib\\wfUtils.php","line":1475}

Sep 24 2026 12:58:35
{"type":2,"message":"dns_get_record(): DNS Query failed","file":"C:\\xampp\\htdocs\\diormedical\\wp-content\\plugins\\wordfence\\lib\\wfUtils.php","line":1475}

Sep 24 2026 12:58:40
{"type":2,"message":"dns_get_record(): DNS Query failed","file":"C:\\xampp\\htdocs\\diormedical\\wp-content\\plugins\\wordfence\\lib\\wfUtils.php","line":1475}

Sep 24 2026 12:58:44
{"type":2,"message":"dns_get_record(): DNS Query failed","file":"C:\\xampp\\htdocs\\diormedical\\wp-content\\plugins\\wordfence\\lib\\wfUtils.php","line":1475}

Sep 24 2026 12:58:48
{"type":2,"message":"dns_get_record(): DNS Query failed","file":"C:\\xampp\\htdocs\\diormedical\\wp-content\\plugins\\wordfence\\lib\\wfUtils.php","line":1475}

Sep 24 2026 12:58:52
{"type":2,"message":"dns_get_record(): DNS Query failed","file":"C:\\xampp\\htdocs\\diormedical\\wp-content\\plugins\\wordfence\\lib\\wfUtils.php","line":1475}

Sep 24 2026 12:58:55
{"type":2,"message":"dns_get_record(): DNS Query failed","file":"C:\\xampp\\htdocs\\diormedical\\wp-content\\plugins\\wordfence\\lib\\wfUtils.php","line":1475}

Sep 24 2026 12:58:59
{"type":2,"message":"dns_get_record(): DNS Query failed","file":"C:\\xampp\\htdocs\\diormedical\\wp-content\\plugins\\wordfence\\lib\\wfUtils.php","line":1475}

Sep 24 2026 12:59:03
{"type":2,"message":"dns_get_record(): DNS Query failed","file":"C:\\xampp\\htdocs\\diormedical\\wp-content\\plugins\\wordfence\\lib\\wfUtils.php","line":1475}

Sep 24 2026 12:59:07
{"type":2,"message":"dns_get_record(): DNS Query failed","file":"C:\\xampp\\htdocs\\diormedical\\wp-content\\plugins\\wordfence\\lib\\wfUtils.php","line":1475}

Sep 24 2026 12:59:11
{"type":2,"message":"dns_get_record(): DNS Query failed","file":"C:\\xampp\\htdocs\\diormedical\\wp-content\\plugins\\wordfence\\lib\\wfUtils.php","line":1475}

Sep 24 2026 12:59:15
{"type":2,"message":"dns_get_record(): DNS Query failed","file":"C:\\xampp\\htdocs\\diormedical\\wp-content\\plugins\\wordfence\\lib\\wfUtils.php","line":1475}

Sep 24 2026 12:59:18
{"type":2,"message":"dns_get_record(): DNS Query failed","file":"C:\\xampp\\htdocs\\diormedical\\wp-content\\plugins\\wordfence\\lib\\wfUtils.php","line":1475}

Sep 24 2026 12:59:23
{"type":2,"message":"dns_get_record(): DNS Query failed","file":"C:\\xampp\\htdocs\\diormedical\\wp-content\\plugins\\wordfence\\lib\\wfUtils.php","line":1475}

Sep 24 2026 12:59:27
{"type":2,"message":"dns_get_record(): DNS Query failed","file":"C:\\xampp\\htdocs\\diormedical\\wp-content\\plugins\\wordfence\\lib\\wfUtils.php","line":1475}

Sep 24 2026 12:59:31
{"type":2,"message":"dns_get_record(): DNS Query failed","file":"C:\\xampp\\htdocs\\diormedical\\wp-content\\plugins\\wordfence\\lib\\wfUtils.php","line":1475}

Sep 24 2026 12:59:35
{"type":2,"message":"dns_get_record(): DNS Query failed","file":"C:\\xampp\\htdocs\\diormedical\\wp-content\\plugins\\wordfence\\lib\\wfUtils.php","line":1475}

Sep 24 2026 12:59:40
{"type":2,"message":"dns_get_record(): DNS Query failed","file":"C:\\xampp\\htdocs\\diormedical\\wp-content\\plugins\\wordfence\\lib\\wfUtils.php","line":1475}

Sep 24 2026 12:59:44
{"type":2,"message":"dns_get_record(): DNS Query failed","file":"C:\\xampp\\htdocs\\diormedical\\wp-content\\plugins\\wordfence\\lib\\wfUtils.php","line":1475}

Sep 24 2026 12:59:48
{"type":2,"message":"dns_get_record(): DNS Query failed","file":"C:\\xampp\\htdocs\\diormedical\\wp-content\\plugins\\wordfence\\lib\\wfUtils.php","line":1475}

Sep 24 2026 12:59:52
{"type":2,"message":"dns_get_record(): DNS Query failed","file":"C:\\xampp\\htdocs\\diormedical\\wp-content\\plugins\\wordfence\\lib\\wfUtils.php","line":1475}

Sep 24 2026 12:59:56
{"type":2,"message":"dns_get_record(): DNS Query failed","file":"C:\\xampp\\htdocs\\diormedical\\wp-content\\plugins\\wordfence\\lib\\wfUtils.php","line":1475}

Sep 24 2026 13:00:00
{"type":2,"message":"dns_get_record(): DNS Query failed","file":"C:\\xampp\\htdocs\\diormedical\\wp-content\\plugins\\wordfence\\lib\\wfUtils.php","line":1475}

Sep 24 2026 13:00:03
{"type":2,"message":"dns_get_record(): DNS Query failed","file":"C:\\xampp\\htdocs\\diormedical\\wp-content\\plugins\\wordfence\\lib\\wfUtils.php","line":1475}

Sep 24 2026 13:00:07
{"type":2,"message":"dns_get_record(): DNS Query failed","file":"C:\\xampp\\htdocs\\diormedical\\wp-content\\plugins\\wordfence\\lib\\wfUtils.php","line":1475}

Sep 24 2026 13:00:11
{"type":2,"message":"dns_get_record(): DNS Query failed","file":"C:\\xampp\\htdocs\\diormedical\\wp-content\\plugins\\wordfence\\lib\\wfUtils.php","line":1475}

Sep 24 2026 13:00:15
{"type":2,"message":"dns_get_record(): DNS Query failed","file":"C:\\xampp\\htdocs\\diormedical\\wp-content\\plugins\\wordfence\\lib\\wfUtils.php","line":1475}

Sep 24 2026 13:00:19
{"type":2,"message":"dns_get_record(): DNS Query failed","file":"C:\\xampp\\htdocs\\diormedical\\wp-content\\plugins\\wordfence\\lib\\wfUtils.php","line":1475}

Sep 24 2026 13:00:24
{"type":2,"message":"dns_get_record(): DNS Query failed","file":"C:\\xampp\\htdocs\\diormedical\\wp-content\\plugins\\wordfence\\lib\\wfUtils.php","line":1475}

Sep 24 2026 13:00:28
{"type":2,"message":"dns_get_record(): DNS Query failed","file":"C:\\xampp\\htdocs\\diormedical\\wp-content\\plugins\\wordfence\\lib\\wfUtils.php","line":1475}

Sep 24 2026 13:00:32
{"type":2,"message":"dns_get_record(): DNS Query failed","file":"C:\\xampp\\htdocs\\diormedical\\wp-content\\plugins\\wordfence\\lib\\wfUtils.php","line":1475}

Sep 24 2026 13:00:37
{"type":2,"message":"dns_get_record(): DNS Query failed","file":"C:\\xampp\\htdocs\\diormedical\\wp-content\\plugins\\wordfence\\lib\\wfUtils.php","line":1475}

Sep 24 2026 13:00:41
{"type":2,"message":"dns_get_record(): DNS Query failed","file":"C:\\xampp\\htdocs\\diormedical\\wp-content\\plugins\\wordfence\\lib\\wfUtils.php","line":1475}

Sep 24 2026 13:00:45
{"type":2,"message":"dns_get_record(): DNS Query failed","file":"C:\\xampp\\htdocs\\diormedical\\wp-content\\plugins\\wordfence\\lib\\wfUtils.php","line":1475}

Sep 24 2026 13:00:49
{"type":2,"message":"dns_get_record(): DNS Query failed","file":"C:\\xampp\\htdocs\\diormedical\\wp-content\\plugins\\wordfence\\lib\\wfUtils.php","line":1475}

Sep 24 2026 13:00:53
{"type":2,"message":"dns_get_record(): DNS Query failed","file":"C:\\xampp\\htdocs\\diormedical\\wp-content\\plugins\\wordfence\\lib\\wfUtils.php","line":1475}

Sep 24 2026 13:00:56
{"type":2,"message":"dns_get_record(): DNS Query failed","file":"C:\\xampp\\htdocs\\diormedical\\wp-content\\plugins\\wordfence\\lib\\wfUtils.php","line":1475}

Sep 24 2026 13:01:00
{"type":2,"message":"dns_get_record(): DNS Query failed","file":"C:\\xampp\\htdocs\\diormedical\\wp-content\\plugins\\wordfence\\lib\\wfUtils.php","line":1475}

Sep 24 2026 13:01:04
{"type":2,"message":"dns_get_record(): DNS Query failed","file":"C:\\xampp\\htdocs\\diormedical\\wp-content\\plugins\\wordfence\\lib\\wfUtils.php","line":1475}

Sep 24 2026 13:01:08
{"type":2,"message":"dns_get_record(): DNS Query failed","file":"C:\\xampp\\htdocs\\diormedical\\wp-content\\plugins\\wordfence\\lib\\wfUtils.php","line":1475}

Sep 24 2026 13:01:12
{"type":2,"message":"dns_get_record(): DNS Query failed","file":"C:\\xampp\\htdocs\\diormedical\\wp-content\\plugins\\wordfence\\lib\\wfUtils.php","line":1475}

Sep 24 2026 13:01:16
{"type":2,"message":"dns_get_record(): DNS Query failed","file":"C:\\xampp\\htdocs\\diormedical\\wp-content\\plugins\\wordfence\\lib\\wfUtils.php","line":1475}

Sep 24 2026 13:01:20
{"type":2,"message":"dns_get_record(): DNS Query failed","file":"C:\\xampp\\htdocs\\diormedical\\wp-content\\plugins\\wordfence\\lib\\wfUtils.php","line":1475}

Sep 24 2026 13:01:24
{"type":2,"message":"dns_get_record(): DNS Query failed","file":"C:\\xampp\\htdocs\\diormedical\\wp-content\\plugins\\wordfence\\lib\\wfUtils.php","line":1475}

Sep 24 2026 13:01:27
{"type":2,"message":"dns_get_record(): DNS Query failed","file":"C:\\xampp\\htdocs\\diormedical\\wp-content\\plugins\\wordfence\\lib\\wfUtils.php","line":1475}

Sep 24 2026 13:01:31
{"type":2,"message":"dns_get_record(): DNS Query failed","file":"C:\\xampp\\htdocs\\diormedical\\wp-content\\plugins\\wordfence\\lib\\wfUtils.php","line":1475}

Sep 24 2026 13:01:35
{"type":2,"message":"dns_get_record(): DNS Query failed","file":"C:\\xampp\\htdocs\\diormedical\\wp-content\\plugins\\wordfence\\lib\\wfUtils.php","line":1475}

Sep 24 2026 13:01:40
{"type":2,"message":"dns_get_record(): DNS Query failed","file":"C:\\xampp\\htdocs\\diormedical\\wp-content\\plugins\\wordfence\\lib\\wfUtils.php","line":1475}

Sep 24 2026 13:01:44
{"type":2,"message":"dns_get_record(): DNS Query failed","file":"C:\\xampp\\htdocs\\diormedical\\wp-content\\plugins\\wordfence\\lib\\wfUtils.php","line":1475}

Sep 24 2026 13:01:48
{"type":2,"message":"dns_get_record(): DNS Query failed","file":"C:\\xampp\\htdocs\\diormedical\\wp-content\\plugins\\wordfence\\lib\\wfUtils.php","line":1475}

Sep 24 2026 13:01:51
{"type":2,"message":"dns_get_record(): DNS Query failed","file":"C:\\xampp\\htdocs\\diormedical\\wp-content\\plugins\\wordfence\\lib\\wfUtils.php","line":1475}

Sep 24 2026 13:01:55
{"type":2,"message":"dns_get_record(): DNS Query failed","file":"C:\\xampp\\htdocs\\diormedical\\wp-content\\plugins\\wordfence\\lib\\wfUtils.php","line":1475}

Sep 24 2026 13:01:59
{"type":2,"message":"dns_get_record(): DNS Query failed","file":"C:\\xampp\\htdocs\\diormedical\\wp-content\\plugins\\wordfence\\lib\\wfUtils.php","line":1475}

Sep 24 2026 13:02:03
{"type":2,"message":"dns_get_record(): DNS Query failed","file":"C:\\xampp\\htdocs\\diormedical\\wp-content\\plugins\\wordfence\\lib\\wfUtils.php","line":1475}

Sep 24 2026 13:02:07
{"type":2,"message":"dns_get_record(): DNS Query failed","file":"C:\\xampp\\htdocs\\diormedical\\wp-content\\plugins\\wordfence\\lib\\wfUtils.php","line":1475}

Sep 24 2026 13:02:11
{"type":2,"message":"dns_get_record(): DNS Query failed","file":"C:\\xampp\\htdocs\\diormedical\\wp-content\\plugins\\wordfence\\lib\\wfUtils.php","line":1475}

Sep 24 2026 13:02:16
{"type":2,"message":"dns_get_record(): DNS Query failed","file":"C:\\xampp\\htdocs\\diormedical\\wp-content\\plugins\\wordfence\\lib\\wfUtils.php","line":1475}

Sep 24 2026 13:02:20
{"type":2,"message":"dns_get_record(): DNS Query failed","file":"C:\\xampp\\htdocs\\diormedical\\wp-content\\plugins\\wordfence\\lib\\wfUtils.php","line":1475}

Sep 24 2026 13:02:24
{"type":2,"message":"dns_get_record(): DNS Query failed","file":"C:\\xampp\\htdocs\\diormedical\\wp-content\\plugins\\wordfence\\lib\\wfUtils.php","line":1475}

Sep 24 2026 13:02:28
{"type":2,"message":"dns_get_record(): DNS Query failed","file":"C:\\xampp\\htdocs\\diormedical\\wp-content\\plugins\\wordfence\\lib\\wfUtils.php","line":1475}

Sep 24 2026 13:02:32
{"type":2,"message":"dns_get_record(): DNS Query failed","file":"C:\\xampp\\htdocs\\diormedical\\wp-content\\plugins\\wordfence\\lib\\wfUtils.php","line":1475}

Sep 24 2026 13:02:37
{"type":2,"message":"dns_get_record(): DNS Query failed","file":"C:\\xampp\\htdocs\\diormedical\\wp-content\\plugins\\wordfence\\lib\\wfUtils.php","line":1475}

Sep 24 2026 13:02:41
{"type":2,"message":"dns_get_record(): DNS Query failed","file":"C:\\xampp\\htdocs\\diormedical\\wp-content\\plugins\\wordfence\\lib\\wfUtils.php","line":1475}

Sep 24 2026 13:02:44
{"type":2,"message":"dns_get_record(): DNS Query failed","file":"C:\\xampp\\htdocs\\diormedical\\wp-content\\plugins\\wordfence\\lib\\wfUtils.php","line":1475}

Sep 24 2026 13:02:48
{"type":2,"message":"dns_get_record(): DNS Query failed","file":"C:\\xampp\\htdocs\\diormedical\\wp-content\\plugins\\wordfence\\lib\\wfUtils.php","line":1475}

Sep 24 2026 13:02:56
{"type":2,"message":"dns_get_record(): DNS Query failed","file":"C:\\xampp\\htdocs\\diormedical\\wp-content\\plugins\\wordfence\\lib\\wfUtils.php","line":1475}

Sep 24 2026 13:03:01
{"type":2,"message":"dns_get_record(): DNS Query failed","file":"C:\\xampp\\htdocs\\diormedical\\wp-content\\plugins\\wordfence\\lib\\wfUtils.php","line":1475}

Sep 24 2026 13:03:05
{"type":2,"message":"dns_get_record(): DNS Query failed","file":"C:\\xampp\\htdocs\\diormedical\\wp-content\\plugins\\wordfence\\lib\\wfUtils.php","line":1475}

Sep 24 2026 13:03:09
{"type":2,"message":"dns_get_record(): DNS Query failed","file":"C:\\xampp\\htdocs\\diormedical\\wp-content\\plugins\\wordfence\\lib\\wfUtils.php","line":1475}

Sep 24 2026 13:03:13
{"type":2,"message":"dns_get_record(): DNS Query failed","file":"C:\\xampp\\htdocs\\diormedical\\wp-content\\plugins\\wordfence\\lib\\wfUtils.php","line":1475}

Sep 24 2026 13:03:17
{"type":2,"message":"dns_get_record(): DNS Query failed","file":"C:\\xampp\\htdocs\\diormedical\\wp-content\\plugins\\wordfence\\lib\\wfUtils.php","line":1475}

Sep 24 2026 13:03:21
{"type":2,"message":"dns_get_record(): DNS Query failed","file":"C:\\xampp\\htdocs\\diormedical\\wp-content\\plugins\\wordfence\\lib\\wfUtils.php","line":1475}

Sep 24 2026 13:03:25
{"type":2,"message":"dns_get_record(): DNS Query failed","file":"C:\\xampp\\htdocs\\diormedical\\wp-content\\plugins\\wordfence\\lib\\wfUtils.php","line":1475}

Sep 24 2026 13:03:29
{"type":2,"message":"dns_get_record(): DNS Query failed","file":"C:\\xampp\\htdocs\\diormedical\\wp-content\\plugins\\wordfence\\lib\\wfUtils.php","line":1475}

Sep 24 2026 13:03:32
{"type":2,"message":"dns_get_record(): DNS Query failed","file":"C:\\xampp\\htdocs\\diormedical\\wp-content\\plugins\\wordfence\\lib\\wfUtils.php","line":1475}

Sep 24 2026 13:03:37
{"type":2,"message":"dns_get_record(): DNS Query failed","file":"C:\\xampp\\htdocs\\diormedical\\wp-content\\plugins\\wordfence\\lib\\wfUtils.php","line":1475}

Sep 24 2026 13:03:41
{"type":2,"message":"dns_get_record(): DNS Query failed","file":"C:\\xampp\\htdocs\\diormedical\\wp-content\\plugins\\wordfence\\lib\\wfUtils.php","line":1475}

Sep 24 2026 13:03:45
{"type":2,"message":"dns_get_record(): DNS Query failed","file":"C:\\xampp\\htdocs\\diormedical\\wp-content\\plugins\\wordfence\\lib\\wfUtils.php","line":1475}

Sep 24 2026 13:03:49
{"type":2,"message":"dns_get_record(): DNS Query failed","file":"C:\\xampp\\htdocs\\diormedical\\wp-content\\plugins\\wordfence\\lib\\wfUtils.php","line":1475}

Sep 24 2026 13:03:53
{"type":2,"message":"dns_get_record(): DNS Query failed","file":"C:\\xampp\\htdocs\\diormedical\\wp-content\\plugins\\wordfence\\lib\\wfUtils.php","line":1475}

Sep 24 2026 13:03:56
{"type":2,"message":"dns_get_record(): DNS Query failed","file":"C:\\xampp\\htdocs\\diormedical\\wp-content\\plugins\\wordfence\\lib\\wfUtils.php","line":1475}

Sep 24 2026 13:04:00
{"type":2,"message":"dns_get_record(): DNS Query failed","file":"C:\\xampp\\htdocs\\diormedical\\wp-content\\plugins\\wordfence\\lib\\wfUtils.php","line":1475}

Sep 24 2026 13:04:04
{"type":2,"message":"dns_get_record(): DNS Query failed","file":"C:\\xampp\\htdocs\\diormedical\\wp-content\\plugins\\wordfence\\lib\\wfUtils.php","line":1475}

Sep 24 2026 13:04:08
{"type":2,"message":"dns_get_record(): DNS Query failed","file":"C:\\xampp\\htdocs\\diormedical\\wp-content\\plugins\\wordfence\\lib\\wfUtils.php","line":1475}

Sep 24 2026 13:04:12
{"type":2,"message":"dns_get_record(): DNS Query failed","file":"C:\\xampp\\htdocs\\diormedical\\wp-content\\plugins\\wordfence\\lib\\wfUtils.php","line":1475}

Sep 24 2026 13:04:16
{"type":2,"message":"dns_get_record(): DNS Query failed","file":"C:\\xampp\\htdocs\\diormedical\\wp-content\\plugins\\wordfence\\lib\\wfUtils.php","line":1475}

Sep 24 2026 13:04:20
{"type":2,"message":"dns_get_record(): DNS Query failed","file":"C:\\xampp\\htdocs\\diormedical\\wp-content\\plugins\\wordfence\\lib\\wfUtils.php","line":1475}

Sep 24 2026 13:04:23
{"type":2,"message":"dns_get_record(): DNS Query failed","file":"C:\\xampp\\htdocs\\diormedical\\wp-content\\plugins\\wordfence\\lib\\wfUtils.php","line":1475}

Sep 24 2026 13:04:27
{"type":2,"message":"dns_get_record(): DNS Query failed","file":"C:\\xampp\\htdocs\\diormedical\\wp-content\\plugins\\wordfence\\lib\\wfUtils.php","line":1475}

Sep 24 2026 13:04:31
{"type":2,"message":"dns_get_record(): DNS Query failed","file":"C:\\xampp\\htdocs\\diormedical\\wp-content\\plugins\\wordfence\\lib\\wfUtils.php","line":1475}

Sep 24 2026 13:04:35
{"type":2,"message":"dns_get_record(): DNS Query failed","file":"C:\\xampp\\htdocs\\diormedical\\wp-content\\plugins\\wordfence\\lib\\wfUtils.php","line":1475}

Sep 24 2026 13:04:40
{"type":2,"message":"dns_get_record(): DNS Query failed","file":"C:\\xampp\\htdocs\\diormedical\\wp-content\\plugins\\wordfence\\lib\\wfUtils.php","line":1475}

Sep 24 2026 13:04:44
{"type":2,"message":"dns_get_record(): DNS Query failed","file":"C:\\xampp\\htdocs\\diormedical\\wp-content\\plugins\\wordfence\\lib\\wfUtils.php","line":1475}

Sep 24 2026 13:04:48
{"type":2,"message":"dns_get_record(): DNS Query failed","file":"C:\\xampp\\htdocs\\diormedical\\wp-content\\plugins\\wordfence\\lib\\wfUtils.php","line":1475}

Sep 24 2026 13:04:52
{"type":2,"message":"dns_get_record(): DNS Query failed","file":"C:\\xampp\\htdocs\\diormedical\\wp-content\\plugins\\wordfence\\lib\\wfUtils.php","line":1475}

Sep 24 2026 13:04:56
{"type":2,"message":"dns_get_record(): DNS Query failed","file":"C:\\xampp\\htdocs\\diormedical\\wp-content\\plugins\\wordfence\\lib\\wfUtils.php","line":1475}

Sep 24 2026 13:04:59
{"type":2,"message":"dns_get_record(): DNS Query failed","file":"C:\\xampp\\htdocs\\diormedical\\wp-content\\plugins\\wordfence\\lib\\wfUtils.php","line":1475}

Sep 24 2026 13:05:04
{"type":2,"message":"dns_get_record(): DNS Query failed","file":"C:\\xampp\\htdocs\\diormedical\\wp-content\\plugins\\wordfence\\lib\\wfUtils.php","line":1475}

Sep 24 2026 13:05:08
{"type":2,"message":"dns_get_record(): DNS Query failed","file":"C:\\xampp\\htdocs\\diormedical\\wp-content\\plugins\\wordfence\\lib\\wfUtils.php","line":1475}

Sep 24 2026 13:05:31
{"type":2,"message":"dns_get_record(): DNS Query failed","file":"C:\\xampp\\htdocs\\diormedical\\wp-content\\plugins\\wordfence\\lib\\wfUtils.php","line":1475}

Sep 24 2026 13:05:35
{"type":2,"message":"dns_get_record(): DNS Query failed","file":"C:\\xampp\\htdocs\\diormedical\\wp-content\\plugins\\wordfence\\lib\\wfUtils.php","line":1475}

Sep 24 2026 13:05:50
{"type":2,"message":"dns_get_record(): DNS Query failed","file":"C:\\xampp\\htdocs\\diormedical\\wp-content\\plugins\\wordfence\\lib\\wfUtils.php","line":1475}

Sep 24 2026 13:06:04
{"type":2,"message":"dns_get_record(): DNS Query failed","file":"C:\\xampp\\htdocs\\diormedical\\wp-content\\plugins\\wordfence\\lib\\wfUtils.php","line":1475}

Sep 24 2026 13:06:18
{"type":2,"message":"dns_get_record(): DNS Query failed","file":"C:\\xampp\\htdocs\\diormedical\\wp-content\\plugins\\wordfence\\lib\\wfUtils.php","line":1475}

Sep 24 2026 13:06:29
{"type":2,"message":"dns_get_record(): DNS Query failed","file":"C:\\xampp\\htdocs\\diormedical\\wp-content\\plugins\\wordfence\\lib\\wfUtils.php","line":1475}

Sep 24 2026 13:06:33
{"type":2,"message":"dns_get_record(): DNS Query failed","file":"C:\\xampp\\htdocs\\diormedical\\wp-content\\plugins\\wordfence\\lib\\wfUtils.php","line":1475}

Sep 24 2026 13:06:36
{"Number":8192,"Message":"Creation of dynamic property Ai1wm_Database_Mysqli::$old_replace_raw_values is deprecated","File":"C:\\xampp\\htdocs\\diormedical\\wp-content\\plugins\\All-In-One-WP-Migration-Pro-master\\lib\\vendor\\servmask\\database\\class-ai1wm-database.php","Line":300}

Sep 24 2026 13:06:36
{"Number":8192,"Message":"Creation of dynamic property Ai1wm_Database_Mysqli::$new_replace_raw_values is deprecated","File":"C:\\xampp\\htdocs\\diormedical\\wp-content\\plugins\\All-In-One-WP-Migration-Pro-master\\lib\\vendor\\servmask\\database\\class-ai1wm-database.php","Line":321}

Sep 24 2026 13:06:47
{"type":2,"message":"dns_get_record(): DNS Query failed","file":"C:\\xampp\\htdocs\\diormedical\\wp-content\\plugins\\wordfence\\lib\\wfUtils.php","line":1475}

Sep 24 2026 13:06:47
{"Number":8192,"Message":"Creation of dynamic property Ai1wm_Database_Mysqli::$old_replace_raw_values is deprecated","File":"C:\\xampp\\htdocs\\diormedical\\wp-content\\plugins\\All-In-One-WP-Migration-Pro-master\\lib\\vendor\\servmask\\database\\class-ai1wm-database.php","Line":300}

Sep 24 2026 13:06:47
{"Number":8192,"Message":"Creation of dynamic property Ai1wm_Database_Mysqli::$new_replace_raw_values is deprecated","File":"C:\\xampp\\htdocs\\diormedical\\wp-content\\plugins\\All-In-One-WP-Migration-Pro-master\\lib\\vendor\\servmask\\database\\class-ai1wm-database.php","Line":321}

Sep 24 2026 13:06:57
{"type":8192,"message":"Return type of Ai1wm_Recursive_Newline_Filter::accept() should either be compatible with FilterIterator::accept(): bool, or the #[\\ReturnTypeWillChange] attribute should be used to temporarily suppress the notice","file":"C:\\xampp\\htdocs\\diormedical\\wp-content\\plugins\\All-In-One-WP-Migration-Pro-master\\lib\\vendor\\servmask\\filter\\class-ai1wm-recursive-newline-filter.php","line":28}

Sep 24 2026 13:06:57
{"Number":8192,"Message":"Creation of dynamic property Ai1wm_Database_Mysqli::$old_replace_raw_values is deprecated","File":"C:\\xampp\\htdocs\\diormedical\\wp-content\\plugins\\All-In-One-WP-Migration-Pro-master\\lib\\vendor\\servmask\\database\\class-ai1wm-database.php","Line":300}

Sep 24 2026 13:06:57
{"Number":8192,"Message":"Creation of dynamic property Ai1wm_Database_Mysqli::$new_replace_raw_values is deprecated","File":"C:\\xampp\\htdocs\\diormedical\\wp-content\\plugins\\All-In-One-WP-Migration-Pro-master\\lib\\vendor\\servmask\\database\\class-ai1wm-database.php","Line":321}

Sep 24 2026 13:07:07
{"type":8192,"message":"Return type of Ai1wm_Recursive_Newline_Filter::accept() should either be compatible with FilterIterator::accept(): bool, or the #[\\ReturnTypeWillChange] attribute should be used to temporarily suppress the notice","file":"C:\\xampp\\htdocs\\diormedical\\wp-content\\plugins\\All-In-One-WP-Migration-Pro-master\\lib\\vendor\\servmask\\filter\\class-ai1wm-recursive-newline-filter.php","line":28}

Sep 24 2026 13:07:07
{"type":8192,"message":"Return type of Ai1wm_Recursive_Newline_Filter::accept() should either be compatible with FilterIterator::accept(): bool, or the #[\\ReturnTypeWillChange] attribute should be used to temporarily suppress the notice","file":"C:\\xampp\\htdocs\\diormedical\\wp-content\\plugins\\All-In-One-WP-Migration-Pro-master\\lib\\vendor\\servmask\\filter\\class-ai1wm-recursive-newline-filter.php","line":28}

Sep 24 2026 13:07:12
{"type":2,"message":"dns_get_record(): DNS Query failed","file":"C:\\xampp\\htdocs\\diormedical\\wp-content\\plugins\\wordfence\\lib\\wfUtils.php","line":1475}

Sep 28 2026 05:05:19
{"type":2,"message":"dns_get_record(): DNS Query failed","file":"C:\\xampp\\htdocs\\diormedical\\wp-content\\plugins\\wordfence\\lib\\wfUtils.php","line":1475}

Sep 28 2026 05:05:21
{"type":2,"message":"dns_get_record(): DNS Query failed","file":"C:\\xampp\\htdocs\\diormedical\\wp-content\\plugins\\wordfence\\lib\\wfUtils.php","line":1475}

Sep 28 2026 05:05:22
{"type":2,"message":"dns_get_record(): DNS Query failed","file":"C:\\xampp\\htdocs\\diormedical\\wp-content\\plugins\\wordfence\\lib\\wfUtils.php","line":1475}

Sep 28 2026 05:05:24
{"type":2,"message":"dns_get_record(): DNS Query failed","file":"C:\\xampp\\htdocs\\diormedical\\wp-content\\plugins\\wordfence\\lib\\wfUtils.php","line":1475}

Sep 28 2026 05:05:27
{"type":2,"message":"dns_get_record(): DNS Query failed","file":"C:\\xampp\\htdocs\\diormedical\\wp-content\\plugins\\wordfence\\lib\\wfUtils.php","line":1475}

Sep 28 2026 05:05:29
{"type":2,"message":"dns_get_record(): DNS Query failed","file":"C:\\xampp\\htdocs\\diormedical\\wp-content\\plugins\\wordfence\\lib\\wfUtils.php","line":1475}

Sep 28 2026 05:05:31
{"type":2,"message":"dns_get_record(): DNS Query failed","file":"C:\\xampp\\htdocs\\diormedical\\wp-content\\plugins\\wordfence\\lib\\wfUtils.php","line":1475}

Sep 28 2026 05:05:34
{"type":2,"message":"dns_get_record(): DNS Query failed","file":"C:\\xampp\\htdocs\\diormedical\\wp-content\\plugins\\wordfence\\lib\\wfUtils.php","line":1475}

Sep 28 2026 05:05:36
{"type":2,"message":"dns_get_record(): DNS Query failed","file":"C:\\xampp\\htdocs\\diormedical\\wp-content\\plugins\\wordfence\\lib\\wfUtils.php","line":1475}

Sep 28 2026 05:05:37
{"type":2,"message":"dns_get_record(): DNS Query failed","file":"C:\\xampp\\htdocs\\diormedical\\wp-content\\plugins\\wordfence\\lib\\wfUtils.php","line":1475}

Sep 28 2026 05:05:39
{"type":2,"message":"dns_get_record(): DNS Query failed","file":"C:\\xampp\\htdocs\\diormedical\\wp-content\\plugins\\wordfence\\lib\\wfUtils.php","line":1475}

Sep 28 2026 05:05:40
{"type":2,"message":"dns_get_record(): DNS Query failed","file":"C:\\xampp\\htdocs\\diormedical\\wp-content\\plugins\\wordfence\\lib\\wfUtils.php","line":1475}

Sep 28 2026 05:05:42
{"type":2,"message":"dns_get_record(): DNS Query failed","file":"C:\\xampp\\htdocs\\diormedical\\wp-content\\plugins\\wordfence\\lib\\wfUtils.php","line":1475}

Sep 28 2026 05:05:44
{"type":2,"message":"dns_get_record(): DNS Query failed","file":"C:\\xampp\\htdocs\\diormedical\\wp-content\\plugins\\wordfence\\lib\\wfUtils.php","line":1475}

Sep 28 2026 05:05:47
{"type":2,"message":"dns_get_record(): DNS Query failed","file":"C:\\xampp\\htdocs\\diormedical\\wp-content\\plugins\\wordfence\\lib\\wfUtils.php","line":1475}

Sep 28 2026 05:05:50
{"type":2,"message":"dns_get_record(): DNS Query failed","file":"C:\\xampp\\htdocs\\diormedical\\wp-content\\plugins\\wordfence\\lib\\wfUtils.php","line":1475}

Sep 28 2026 05:05:52
{"type":2,"message":"dns_get_record(): DNS Query failed","file":"C:\\xampp\\htdocs\\diormedical\\wp-content\\plugins\\wordfence\\lib\\wfUtils.php","line":1475}

Sep 28 2026 05:05:55
{"type":2,"message":"dns_get_record(): DNS Query failed","file":"C:\\xampp\\htdocs\\diormedical\\wp-content\\plugins\\wordfence\\lib\\wfUtils.php","line":1475}

Sep 28 2026 05:05:57
{"type":2,"message":"dns_get_record(): DNS Query failed","file":"C:\\xampp\\htdocs\\diormedical\\wp-content\\plugins\\wordfence\\lib\\wfUtils.php","line":1475}

Sep 28 2026 05:05:59
{"type":2,"message":"dns_get_record(): DNS Query failed","file":"C:\\xampp\\htdocs\\diormedical\\wp-content\\plugins\\wordfence\\lib\\wfUtils.php","line":1475}

Sep 28 2026 05:06:02
{"type":2,"message":"dns_get_record(): DNS Query failed","file":"C:\\xampp\\htdocs\\diormedical\\wp-content\\plugins\\wordfence\\lib\\wfUtils.php","line":1475}

Sep 28 2026 05:06:04
{"type":2,"message":"dns_get_record(): DNS Query failed","file":"C:\\xampp\\htdocs\\diormedical\\wp-content\\plugins\\wordfence\\lib\\wfUtils.php","line":1475}

Sep 28 2026 05:06:06
{"type":2,"message":"dns_get_record(): DNS Query failed","file":"C:\\xampp\\htdocs\\diormedical\\wp-content\\plugins\\wordfence\\lib\\wfUtils.php","line":1475}

Sep 28 2026 05:06:09
{"type":2,"message":"dns_get_record(): DNS Query failed","file":"C:\\xampp\\htdocs\\diormedical\\wp-content\\plugins\\wordfence\\lib\\wfUtils.php","line":1475}

Sep 28 2026 05:06:11
{"type":2,"message":"dns_get_record(): DNS Query failed","file":"C:\\xampp\\htdocs\\diormedical\\wp-content\\plugins\\wordfence\\lib\\wfUtils.php","line":1475}

Sep 28 2026 05:06:14
{"type":2,"message":"dns_get_record(): DNS Query failed","file":"C:\\xampp\\htdocs\\diormedical\\wp-content\\plugins\\wordfence\\lib\\wfUtils.php","line":1475}

Sep 28 2026 05:06:16
{"type":2,"message":"dns_get_record(): DNS Query failed","file":"C:\\xampp\\htdocs\\diormedical\\wp-content\\plugins\\wordfence\\lib\\wfUtils.php","line":1475}

Sep 28 2026 05:06:18
{"type":2,"message":"dns_get_record(): DNS Query failed","file":"C:\\xampp\\htdocs\\diormedical\\wp-content\\plugins\\wordfence\\lib\\wfUtils.php","line":1475}

Sep 28 2026 05:06:20
{"type":2,"message":"dns_get_record(): DNS Query failed","file":"C:\\xampp\\htdocs\\diormedical\\wp-content\\plugins\\wordfence\\lib\\wfUtils.php","line":1475}

Sep 28 2026 05:06:22
{"type":2,"message":"dns_get_record(): DNS Query failed","file":"C:\\xampp\\htdocs\\diormedical\\wp-content\\plugins\\wordfence\\lib\\wfUtils.php","line":1475}

Sep 28 2026 05:06:24
{"type":2,"message":"dns_get_record(): DNS Query failed","file":"C:\\xampp\\htdocs\\diormedical\\wp-content\\plugins\\wordfence\\lib\\wfUtils.php","line":1475}

Sep 28 2026 05:06:27
{"type":2,"message":"dns_get_record(): DNS Query failed","file":"C:\\xampp\\htdocs\\diormedical\\wp-content\\plugins\\wordfence\\lib\\wfUtils.php","line":1475}

Sep 28 2026 05:06:29
{"type":2,"message":"dns_get_record(): DNS Query failed","file":"C:\\xampp\\htdocs\\diormedical\\wp-content\\plugins\\wordfence\\lib\\wfUtils.php","line":1475}

Sep 28 2026 05:06:31
{"type":2,"message":"dns_get_record(): DNS Query failed","file":"C:\\xampp\\htdocs\\diormedical\\wp-content\\plugins\\wordfence\\lib\\wfUtils.php","line":1475}

Sep 28 2026 05:06:33
{"type":2,"message":"dns_get_record(): DNS Query failed","file":"C:\\xampp\\htdocs\\diormedical\\wp-content\\plugins\\wordfence\\lib\\wfUtils.php","line":1475}

Sep 28 2026 05:06:35
{"type":2,"message":"dns_get_record(): DNS Query failed","file":"C:\\xampp\\htdocs\\diormedical\\wp-content\\plugins\\wordfence\\lib\\wfUtils.php","line":1475}

Sep 28 2026 05:06:38
{"type":2,"message":"dns_get_record(): DNS Query failed","file":"C:\\xampp\\htdocs\\diormedical\\wp-content\\plugins\\wordfence\\lib\\wfUtils.php","line":1475}

Sep 28 2026 05:06:40
{"type":2,"message":"dns_get_record(): DNS Query failed","file":"C:\\xampp\\htdocs\\diormedical\\wp-content\\plugins\\wordfence\\lib\\wfUtils.php","line":1475}

Sep 28 2026 05:06:42
{"type":2,"message":"dns_get_record(): DNS Query failed","file":"C:\\xampp\\htdocs\\diormedical\\wp-content\\plugins\\wordfence\\lib\\wfUtils.php","line":1475}

Sep 28 2026 05:06:45
{"type":2,"message":"dns_get_record(): DNS Query failed","file":"C:\\xampp\\htdocs\\diormedical\\wp-content\\plugins\\wordfence\\lib\\wfUtils.php","line":1475}

Sep 28 2026 05:06:47
{"type":2,"message":"dns_get_record(): DNS Query failed","file":"C:\\xampp\\htdocs\\diormedical\\wp-content\\plugins\\wordfence\\lib\\wfUtils.php","line":1475}

Sep 28 2026 05:06:50
{"type":2,"message":"dns_get_record(): DNS Query failed","file":"C:\\xampp\\htdocs\\diormedical\\wp-content\\plugins\\wordfence\\lib\\wfUtils.php","line":1475}

Sep 28 2026 05:06:52
{"type":2,"message":"dns_get_record(): DNS Query failed","file":"C:\\xampp\\htdocs\\diormedical\\wp-content\\plugins\\wordfence\\lib\\wfUtils.php","line":1475}

Sep 28 2026 05:06:54
{"type":2,"message":"dns_get_record(): DNS Query failed","file":"C:\\xampp\\htdocs\\diormedical\\wp-content\\plugins\\wordfence\\lib\\wfUtils.php","line":1475}

Sep 28 2026 05:06:56
{"type":2,"message":"dns_get_record(): DNS Query failed","file":"C:\\xampp\\htdocs\\diormedical\\wp-content\\plugins\\wordfence\\lib\\wfUtils.php","line":1475}

Sep 28 2026 05:06:58
{"type":2,"message":"dns_get_record(): DNS Query failed","file":"C:\\xampp\\htdocs\\diormedical\\wp-content\\plugins\\wordfence\\lib\\wfUtils.php","line":1475}

Sep 28 2026 05:07:00
{"type":2,"message":"dns_get_record(): DNS Query failed","file":"C:\\xampp\\htdocs\\diormedical\\wp-content\\plugins\\wordfence\\lib\\wfUtils.php","line":1475}

Sep 28 2026 05:07:03
{"type":2,"message":"dns_get_record(): DNS Query failed","file":"C:\\xampp\\htdocs\\diormedical\\wp-content\\plugins\\wordfence\\lib\\wfUtils.php","line":1475}

Sep 28 2026 05:07:05
{"type":2,"message":"dns_get_record(): DNS Query failed","file":"C:\\xampp\\htdocs\\diormedical\\wp-content\\plugins\\wordfence\\lib\\wfUtils.php","line":1475}

Sep 28 2026 05:07:07
{"type":2,"message":"dns_get_record(): DNS Query failed","file":"C:\\xampp\\htdocs\\diormedical\\wp-content\\plugins\\wordfence\\lib\\wfUtils.php","line":1475}

Sep 28 2026 05:07:09
{"type":2,"message":"dns_get_record(): DNS Query failed","file":"C:\\xampp\\htdocs\\diormedical\\wp-content\\plugins\\wordfence\\lib\\wfUtils.php","line":1475}

Sep 28 2026 05:07:12
{"type":2,"message":"dns_get_record(): DNS Query failed","file":"C:\\xampp\\htdocs\\diormedical\\wp-content\\plugins\\wordfence\\lib\\wfUtils.php","line":1475}

Sep 28 2026 05:07:14
{"type":2,"message":"dns_get_record(): DNS Query failed","file":"C:\\xampp\\htdocs\\diormedical\\wp-content\\plugins\\wordfence\\lib\\wfUtils.php","line":1475}

Sep 28 2026 05:07:17
{"type":2,"message":"dns_get_record(): DNS Query failed","file":"C:\\xampp\\htdocs\\diormedical\\wp-content\\plugins\\wordfence\\lib\\wfUtils.php","line":1475}

Sep 28 2026 05:07:19
{"type":2,"message":"dns_get_record(): DNS Query failed","file":"C:\\xampp\\htdocs\\diormedical\\wp-content\\plugins\\wordfence\\lib\\wfUtils.php","line":1475}

Sep 28 2026 05:07:21
{"type":2,"message":"dns_get_record(): DNS Query failed","file":"C:\\xampp\\htdocs\\diormedical\\wp-content\\plugins\\wordfence\\lib\\wfUtils.php","line":1475}

Sep 28 2026 05:07:23
{"type":2,"message":"dns_get_record(): DNS Query failed","file":"C:\\xampp\\htdocs\\diormedical\\wp-content\\plugins\\wordfence\\lib\\wfUtils.php","line":1475}

Sep 28 2026 05:07:25
{"type":2,"message":"dns_get_record(): DNS Query failed","file":"C:\\xampp\\htdocs\\diormedical\\wp-content\\plugins\\wordfence\\lib\\wfUtils.php","line":1475}

Sep 28 2026 05:07:28
{"type":2,"message":"dns_get_record(): DNS Query failed","file":"C:\\xampp\\htdocs\\diormedical\\wp-content\\plugins\\wordfence\\lib\\wfUtils.php","line":1475}

Sep 28 2026 05:07:30
{"type":2,"message":"dns_get_record(): DNS Query failed","file":"C:\\xampp\\htdocs\\diormedical\\wp-content\\plugins\\wordfence\\lib\\wfUtils.php","line":1475}

Sep 28 2026 05:07:32
{"type":2,"message":"dns_get_record(): DNS Query failed","file":"C:\\xampp\\htdocs\\diormedical\\wp-content\\plugins\\wordfence\\lib\\wfUtils.php","line":1475}

Sep 28 2026 05:07:34
{"type":2,"message":"dns_get_record(): DNS Query failed","file":"C:\\xampp\\htdocs\\diormedical\\wp-content\\plugins\\wordfence\\lib\\wfUtils.php","line":1475}

Sep 28 2026 05:07:36
{"type":2,"message":"dns_get_record(): DNS Query failed","file":"C:\\xampp\\htdocs\\diormedical\\wp-content\\plugins\\wordfence\\lib\\wfUtils.php","line":1475}

Sep 28 2026 05:07:38
{"type":2,"message":"dns_get_record(): DNS Query failed","file":"C:\\xampp\\htdocs\\diormedical\\wp-content\\plugins\\wordfence\\lib\\wfUtils.php","line":1475}

Sep 28 2026 05:07:41
{"type":2,"message":"dns_get_record(): DNS Query failed","file":"C:\\xampp\\htdocs\\diormedical\\wp-content\\plugins\\wordfence\\lib\\wfUtils.php","line":1475}

Sep 28 2026 05:07:44
{"type":2,"message":"dns_get_record(): DNS Query failed","file":"C:\\xampp\\htdocs\\diormedical\\wp-content\\plugins\\wordfence\\lib\\wfUtils.php","line":1475}

Sep 28 2026 05:07:46
{"type":2,"message":"dns_get_record(): DNS Query failed","file":"C:\\xampp\\htdocs\\diormedical\\wp-content\\plugins\\wordfence\\lib\\wfUtils.php","line":1475}

Sep 28 2026 05:07:49
{"type":2,"message":"dns_get_record(): DNS Query failed","file":"C:\\xampp\\htdocs\\diormedical\\wp-content\\plugins\\wordfence\\lib\\wfUtils.php","line":1475}

Sep 28 2026 05:07:51
{"type":2,"message":"dns_get_record(): DNS Query failed","file":"C:\\xampp\\htdocs\\diormedical\\wp-content\\plugins\\wordfence\\lib\\wfUtils.php","line":1475}

Sep 28 2026 05:07:54
{"type":2,"message":"dns_get_record(): DNS Query failed","file":"C:\\xampp\\htdocs\\diormedical\\wp-content\\plugins\\wordfence\\lib\\wfUtils.php","line":1475}

Sep 28 2026 05:07:56
{"type":2,"message":"dns_get_record(): DNS Query failed","file":"C:\\xampp\\htdocs\\diormedical\\wp-content\\plugins\\wordfence\\lib\\wfUtils.php","line":1475}

Sep 28 2026 05:07:59
{"type":2,"message":"dns_get_record(): DNS Query failed","file":"C:\\xampp\\htdocs\\diormedical\\wp-content\\plugins\\wordfence\\lib\\wfUtils.php","line":1475}

Sep 28 2026 05:08:01
{"type":2,"message":"dns_get_record(): DNS Query failed","file":"C:\\xampp\\htdocs\\diormedical\\wp-content\\plugins\\wordfence\\lib\\wfUtils.php","line":1475}

Sep 28 2026 05:08:03
{"type":2,"message":"dns_get_record(): DNS Query failed","file":"C:\\xampp\\htdocs\\diormedical\\wp-content\\plugins\\wordfence\\lib\\wfUtils.php","line":1475}

Sep 28 2026 05:08:05
{"type":2,"message":"dns_get_record(): DNS Query failed","file":"C:\\xampp\\htdocs\\diormedical\\wp-content\\plugins\\wordfence\\lib\\wfUtils.php","line":1475}

Sep 28 2026 05:08:07
{"type":2,"message":"dns_get_record(): DNS Query failed","file":"C:\\xampp\\htdocs\\diormedical\\wp-content\\plugins\\wordfence\\lib\\wfUtils.php","line":1475}

Sep 28 2026 05:08:09
{"type":2,"message":"dns_get_record(): DNS Query failed","file":"C:\\xampp\\htdocs\\diormedical\\wp-content\\plugins\\wordfence\\lib\\wfUtils.php","line":1475}

Sep 28 2026 05:08:11
{"type":2,"message":"dns_get_record(): DNS Query failed","file":"C:\\xampp\\htdocs\\diormedical\\wp-content\\plugins\\wordfence\\lib\\wfUtils.php","line":1475}

Sep 28 2026 05:08:14
{"type":2,"message":"dns_get_record(): DNS Query failed","file":"C:\\xampp\\htdocs\\diormedical\\wp-content\\plugins\\wordfence\\lib\\wfUtils.php","line":1475}

Sep 28 2026 05:08:16
{"type":2,"message":"dns_get_record(): DNS Query failed","file":"C:\\xampp\\htdocs\\diormedical\\wp-content\\plugins\\wordfence\\lib\\wfUtils.php","line":1475}

Sep 28 2026 05:08:18
{"type":2,"message":"dns_get_record(): DNS Query failed","file":"C:\\xampp\\htdocs\\diormedical\\wp-content\\plugins\\wordfence\\lib\\wfUtils.php","line":1475}

Sep 28 2026 05:08:20
{"type":2,"message":"dns_get_record(): DNS Query failed","file":"C:\\xampp\\htdocs\\diormedical\\wp-content\\plugins\\wordfence\\lib\\wfUtils.php","line":1475}

Sep 28 2026 05:08:22
{"type":2,"message":"dns_get_record(): DNS Query failed","file":"C:\\xampp\\htdocs\\diormedical\\wp-content\\plugins\\wordfence\\lib\\wfUtils.php","line":1475}

Sep 28 2026 05:08:24
{"type":2,"message":"dns_get_record(): DNS Query failed","file":"C:\\xampp\\htdocs\\diormedical\\wp-content\\plugins\\wordfence\\lib\\wfUtils.php","line":1475}

Sep 28 2026 05:08:26
{"type":2,"message":"dns_get_record(): DNS Query failed","file":"C:\\xampp\\htdocs\\diormedical\\wp-content\\plugins\\wordfence\\lib\\wfUtils.php","line":1475}

Sep 28 2026 05:08:29
{"type":2,"message":"dns_get_record(): DNS Query failed","file":"C:\\xampp\\htdocs\\diormedical\\wp-content\\plugins\\wordfence\\lib\\wfUtils.php","line":1475}

Sep 28 2026 05:08:31
{"type":2,"message":"dns_get_record(): DNS Query failed","file":"C:\\xampp\\htdocs\\diormedical\\wp-content\\plugins\\wordfence\\lib\\wfUtils.php","line":1475}

Sep 28 2026 05:08:33
{"type":2,"message":"dns_get_record(): DNS Query failed","file":"C:\\xampp\\htdocs\\diormedical\\wp-content\\plugins\\wordfence\\lib\\wfUtils.php","line":1475}

Sep 28 2026 05:08:35
{"type":2,"message":"dns_get_record(): DNS Query failed","file":"C:\\xampp\\htdocs\\diormedical\\wp-content\\plugins\\wordfence\\lib\\wfUtils.php","line":1475}

Sep 28 2026 05:08:37
{"type":2,"message":"dns_get_record(): DNS Query failed","file":"C:\\xampp\\htdocs\\diormedical\\wp-content\\plugins\\wordfence\\lib\\wfUtils.php","line":1475}

Sep 28 2026 05:08:39
{"type":2,"message":"dns_get_record(): DNS Query failed","file":"C:\\xampp\\htdocs\\diormedical\\wp-content\\plugins\\wordfence\\lib\\wfUtils.php","line":1475}

Sep 28 2026 05:08:41
{"type":2,"message":"dns_get_record(): DNS Query failed","file":"C:\\xampp\\htdocs\\diormedical\\wp-content\\plugins\\wordfence\\lib\\wfUtils.php","line":1475}

Sep 28 2026 05:08:45
{"type":2,"message":"dns_get_record(): DNS Query failed","file":"C:\\xampp\\htdocs\\diormedical\\wp-content\\plugins\\wordfence\\lib\\wfUtils.php","line":1475}

Sep 28 2026 05:08:47
{"type":2,"message":"dns_get_record(): DNS Query failed","file":"C:\\xampp\\htdocs\\diormedical\\wp-content\\plugins\\wordfence\\lib\\wfUtils.php","line":1475}

Sep 28 2026 05:08:50
{"type":2,"message":"dns_get_record(): DNS Query failed","file":"C:\\xampp\\htdocs\\diormedical\\wp-content\\plugins\\wordfence\\lib\\wfUtils.php","line":1475}

Sep 28 2026 05:08:52
{"type":2,"message":"dns_get_record(): DNS Query failed","file":"C:\\xampp\\htdocs\\diormedical\\wp-content\\plugins\\wordfence\\lib\\wfUtils.php","line":1475}

Sep 28 2026 05:08:54
{"type":2,"message":"dns_get_record(): DNS Query failed","file":"C:\\xampp\\htdocs\\diormedical\\wp-content\\plugins\\wordfence\\lib\\wfUtils.php","line":1475}

Sep 28 2026 05:08:57
{"type":2,"message":"dns_get_record(): DNS Query failed","file":"C:\\xampp\\htdocs\\diormedical\\wp-content\\plugins\\wordfence\\lib\\wfUtils.php","line":1475}

Sep 28 2026 05:08:59
{"type":2,"message":"dns_get_record(): DNS Query failed","file":"C:\\xampp\\htdocs\\diormedical\\wp-content\\plugins\\wordfence\\lib\\wfUtils.php","line":1475}

Sep 28 2026 05:09:01
{"type":2,"message":"dns_get_record(): DNS Query failed","file":"C:\\xampp\\htdocs\\diormedical\\wp-content\\plugins\\wordfence\\lib\\wfUtils.php","line":1475}

Sep 28 2026 05:09:03
{"type":2,"message":"dns_get_record(): DNS Query failed","file":"C:\\xampp\\htdocs\\diormedical\\wp-content\\plugins\\wordfence\\lib\\wfUtils.php","line":1475}

Sep 28 2026 05:09:05
{"type":2,"message":"dns_get_record(): DNS Query failed","file":"C:\\xampp\\htdocs\\diormedical\\wp-content\\plugins\\wordfence\\lib\\wfUtils.php","line":1475}

Sep 28 2026 05:09:07
{"type":2,"message":"dns_get_record(): DNS Query failed","file":"C:\\xampp\\htdocs\\diormedical\\wp-content\\plugins\\wordfence\\lib\\wfUtils.php","line":1475}

Sep 28 2026 05:09:09
{"type":2,"message":"dns_get_record(): DNS Query failed","file":"C:\\xampp\\htdocs\\diormedical\\wp-content\\plugins\\wordfence\\lib\\wfUtils.php","line":1475}

Sep 28 2026 05:09:12
{"type":2,"message":"dns_get_record(): DNS Query failed","file":"C:\\xampp\\htdocs\\diormedical\\wp-content\\plugins\\wordfence\\lib\\wfUtils.php","line":1475}

Sep 28 2026 05:09:14
{"type":2,"message":"dns_get_record(): DNS Query failed","file":"C:\\xampp\\htdocs\\diormedical\\wp-content\\plugins\\wordfence\\lib\\wfUtils.php","line":1475}

Sep 28 2026 05:09:16
{"type":2,"message":"dns_get_record(): DNS Query failed","file":"C:\\xampp\\htdocs\\diormedical\\wp-content\\plugins\\wordfence\\lib\\wfUtils.php","line":1475}

Sep 28 2026 05:09:18
{"type":2,"message":"dns_get_record(): DNS Query failed","file":"C:\\xampp\\htdocs\\diormedical\\wp-content\\plugins\\wordfence\\lib\\wfUtils.php","line":1475}

Sep 28 2026 05:09:20
{"type":2,"message":"dns_get_record(): DNS Query failed","file":"C:\\xampp\\htdocs\\diormedical\\wp-content\\plugins\\wordfence\\lib\\wfUtils.php","line":1475}

Sep 28 2026 05:09:22
{"type":2,"message":"dns_get_record(): DNS Query failed","file":"C:\\xampp\\htdocs\\diormedical\\wp-content\\plugins\\wordfence\\lib\\wfUtils.php","line":1475}

Sep 28 2026 05:09:24
{"type":2,"message":"dns_get_record(): DNS Query failed","file":"C:\\xampp\\htdocs\\diormedical\\wp-content\\plugins\\wordfence\\lib\\wfUtils.php","line":1475}

Sep 28 2026 05:09:27
{"type":2,"message":"dns_get_record(): DNS Query failed","file":"C:\\xampp\\htdocs\\diormedical\\wp-content\\plugins\\wordfence\\lib\\wfUtils.php","line":1475}

Sep 28 2026 05:09:29
{"type":2,"message":"dns_get_record(): DNS Query failed","file":"C:\\xampp\\htdocs\\diormedical\\wp-content\\plugins\\wordfence\\lib\\wfUtils.php","line":1475}

Sep 28 2026 05:09:31
{"type":2,"message":"dns_get_record(): DNS Query failed","file":"C:\\xampp\\htdocs\\diormedical\\wp-content\\plugins\\wordfence\\lib\\wfUtils.php","line":1475}

Sep 28 2026 05:09:33
{"type":2,"message":"dns_get_record(): DNS Query failed","file":"C:\\xampp\\htdocs\\diormedical\\wp-content\\plugins\\wordfence\\lib\\wfUtils.php","line":1475}

Sep 28 2026 05:09:35
{"type":2,"message":"dns_get_record(): DNS Query failed","file":"C:\\xampp\\htdocs\\diormedical\\wp-content\\plugins\\wordfence\\lib\\wfUtils.php","line":1475}

Sep 28 2026 05:09:37
{"type":2,"message":"dns_get_record(): DNS Query failed","file":"C:\\xampp\\htdocs\\diormedical\\wp-content\\plugins\\wordfence\\lib\\wfUtils.php","line":1475}

Sep 28 2026 05:09:40
{"type":2,"message":"dns_get_record(): DNS Query failed","file":"C:\\xampp\\htdocs\\diormedical\\wp-content\\plugins\\wordfence\\lib\\wfUtils.php","line":1475}

Sep 28 2026 05:09:42
{"type":2,"message":"dns_get_record(): DNS Query failed","file":"C:\\xampp\\htdocs\\diormedical\\wp-content\\plugins\\wordfence\\lib\\wfUtils.php","line":1475}

Sep 28 2026 05:09:45
{"type":2,"message":"dns_get_record(): DNS Query failed","file":"C:\\xampp\\htdocs\\diormedical\\wp-content\\plugins\\wordfence\\lib\\wfUtils.php","line":1475}

Sep 28 2026 05:09:47
{"type":2,"message":"dns_get_record(): DNS Query failed","file":"C:\\xampp\\htdocs\\diormedical\\wp-content\\plugins\\wordfence\\lib\\wfUtils.php","line":1475}

Sep 28 2026 05:09:50
{"type":2,"message":"dns_get_record(): DNS Query failed","file":"C:\\xampp\\htdocs\\diormedical\\wp-content\\plugins\\wordfence\\lib\\wfUtils.php","line":1475}

Sep 28 2026 05:09:52
{"type":2,"message":"dns_get_record(): DNS Query failed","file":"C:\\xampp\\htdocs\\diormedical\\wp-content\\plugins\\wordfence\\lib\\wfUtils.php","line":1475}

Sep 28 2026 05:09:54
{"type":2,"message":"dns_get_record(): DNS Query failed","file":"C:\\xampp\\htdocs\\diormedical\\wp-content\\plugins\\wordfence\\lib\\wfUtils.php","line":1475}

Sep 28 2026 05:09:57
{"type":2,"message":"dns_get_record(): DNS Query failed","file":"C:\\xampp\\htdocs\\diormedical\\wp-content\\plugins\\wordfence\\lib\\wfUtils.php","line":1475}

Sep 28 2026 05:09:59
{"type":2,"message":"dns_get_record(): DNS Query failed","file":"C:\\xampp\\htdocs\\diormedical\\wp-content\\plugins\\wordfence\\lib\\wfUtils.php","line":1475}

Sep 28 2026 05:10:01
{"type":2,"message":"dns_get_record(): DNS Query failed","file":"C:\\xampp\\htdocs\\diormedical\\wp-content\\plugins\\wordfence\\lib\\wfUtils.php","line":1475}

Sep 28 2026 05:10:03
{"type":2,"message":"dns_get_record(): DNS Query failed","file":"C:\\xampp\\htdocs\\diormedical\\wp-content\\plugins\\wordfence\\lib\\wfUtils.php","line":1475}

Sep 28 2026 05:10:05
{"type":2,"message":"dns_get_record(): DNS Query failed","file":"C:\\xampp\\htdocs\\diormedical\\wp-content\\plugins\\wordfence\\lib\\wfUtils.php","line":1475}

Sep 28 2026 05:10:07
{"type":2,"message":"dns_get_record(): DNS Query failed","file":"C:\\xampp\\htdocs\\diormedical\\wp-content\\plugins\\wordfence\\lib\\wfUtils.php","line":1475}

Sep 28 2026 05:10:10
{"type":2,"message":"dns_get_record(): DNS Query failed","file":"C:\\xampp\\htdocs\\diormedical\\wp-content\\plugins\\wordfence\\lib\\wfUtils.php","line":1475}

Sep 28 2026 05:10:12
{"type":2,"message":"dns_get_record(): DNS Query failed","file":"C:\\xampp\\htdocs\\diormedical\\wp-content\\plugins\\wordfence\\lib\\wfUtils.php","line":1475}

Sep 28 2026 05:10:14
{"type":2,"message":"dns_get_record(): DNS Query failed","file":"C:\\xampp\\htdocs\\diormedical\\wp-content\\plugins\\wordfence\\lib\\wfUtils.php","line":1475}

Sep 28 2026 05:10:16
{"type":2,"message":"dns_get_record(): DNS Query failed","file":"C:\\xampp\\htdocs\\diormedical\\wp-content\\plugins\\wordfence\\lib\\wfUtils.php","line":1475}

Sep 28 2026 05:10:18
{"type":2,"message":"dns_get_record(): DNS Query failed","file":"C:\\xampp\\htdocs\\diormedical\\wp-content\\plugins\\wordfence\\lib\\wfUtils.php","line":1475}

Sep 28 2026 05:10:20
{"type":2,"message":"dns_get_record(): DNS Query failed","file":"C:\\xampp\\htdocs\\diormedical\\wp-content\\plugins\\wordfence\\lib\\wfUtils.php","line":1475}

Sep 28 2026 05:10:22
{"type":2,"message":"dns_get_record(): DNS Query failed","file":"C:\\xampp\\htdocs\\diormedical\\wp-content\\plugins\\wordfence\\lib\\wfUtils.php","line":1475}

Sep 28 2026 05:10:25
{"type":2,"message":"dns_get_record(): DNS Query failed","file":"C:\\xampp\\htdocs\\diormedical\\wp-content\\plugins\\wordfence\\lib\\wfUtils.php","line":1475}

Sep 28 2026 05:10:27
{"type":2,"message":"dns_get_record(): DNS Query failed","file":"C:\\xampp\\htdocs\\diormedical\\wp-content\\plugins\\wordfence\\lib\\wfUtils.php","line":1475}

Sep 28 2026 05:10:29
{"type":2,"message":"dns_get_record(): DNS Query failed","file":"C:\\xampp\\htdocs\\diormedical\\wp-content\\plugins\\wordfence\\lib\\wfUtils.php","line":1475}

Sep 28 2026 05:10:31
{"type":2,"message":"dns_get_record(): DNS Query failed","file":"C:\\xampp\\htdocs\\diormedical\\wp-content\\plugins\\wordfence\\lib\\wfUtils.php","line":1475}

Sep 28 2026 05:10:33
{"type":2,"message":"dns_get_record(): DNS Query failed","file":"C:\\xampp\\htdocs\\diormedical\\wp-content\\plugins\\wordfence\\lib\\wfUtils.php","line":1475}

Sep 28 2026 05:10:35
{"type":2,"message":"dns_get_record(): DNS Query failed","file":"C:\\xampp\\htdocs\\diormedical\\wp-content\\plugins\\wordfence\\lib\\wfUtils.php","line":1475}

Sep 28 2026 05:10:37
{"type":2,"message":"dns_get_record(): DNS Query failed","file":"C:\\xampp\\htdocs\\diormedical\\wp-content\\plugins\\wordfence\\lib\\wfUtils.php","line":1475}

Sep 28 2026 05:10:39
{"type":2,"message":"dns_get_record(): DNS Query failed","file":"C:\\xampp\\htdocs\\diormedical\\wp-content\\plugins\\wordfence\\lib\\wfUtils.php","line":1475}

Sep 28 2026 05:10:42
{"type":2,"message":"dns_get_record(): DNS Query failed","file":"C:\\xampp\\htdocs\\diormedical\\wp-content\\plugins\\wordfence\\lib\\wfUtils.php","line":1475}

Sep 28 2026 05:10:45
{"type":2,"message":"dns_get_record(): DNS Query failed","file":"C:\\xampp\\htdocs\\diormedical\\wp-content\\plugins\\wordfence\\lib\\wfUtils.php","line":1475}

Sep 28 2026 05:10:47
{"type":2,"message":"dns_get_record(): DNS Query failed","file":"C:\\xampp\\htdocs\\diormedical\\wp-content\\plugins\\wordfence\\lib\\wfUtils.php","line":1475}

Sep 28 2026 05:10:50
{"type":2,"message":"dns_get_record(): DNS Query failed","file":"C:\\xampp\\htdocs\\diormedical\\wp-content\\plugins\\wordfence\\lib\\wfUtils.php","line":1475}

Sep 28 2026 05:10:52
{"type":2,"message":"dns_get_record(): DNS Query failed","file":"C:\\xampp\\htdocs\\diormedical\\wp-content\\plugins\\wordfence\\lib\\wfUtils.php","line":1475}

Sep 28 2026 05:10:54
{"type":2,"message":"dns_get_record(): DNS Query failed","file":"C:\\xampp\\htdocs\\diormedical\\wp-content\\plugins\\wordfence\\lib\\wfUtils.php","line":1475}

Sep 28 2026 05:10:56
{"type":2,"message":"dns_get_record(): DNS Query failed","file":"C:\\xampp\\htdocs\\diormedical\\wp-content\\plugins\\wordfence\\lib\\wfUtils.php","line":1475}

Sep 28 2026 05:10:59
{"type":2,"message":"dns_get_record(): DNS Query failed","file":"C:\\xampp\\htdocs\\diormedical\\wp-content\\plugins\\wordfence\\lib\\wfUtils.php","line":1475}

Sep 28 2026 05:11:01
{"type":2,"message":"dns_get_record(): DNS Query failed","file":"C:\\xampp\\htdocs\\diormedical\\wp-content\\plugins\\wordfence\\lib\\wfUtils.php","line":1475}

Sep 28 2026 05:11:03
{"type":2,"message":"dns_get_record(): DNS Query failed","file":"C:\\xampp\\htdocs\\diormedical\\wp-content\\plugins\\wordfence\\lib\\wfUtils.php","line":1475}

Sep 28 2026 05:11:05
{"type":2,"message":"dns_get_record(): DNS Query failed","file":"C:\\xampp\\htdocs\\diormedical\\wp-content\\plugins\\wordfence\\lib\\wfUtils.php","line":1475}

Sep 28 2026 05:11:07
{"type":2,"message":"dns_get_record(): DNS Query failed","file":"C:\\xampp\\htdocs\\diormedical\\wp-content\\plugins\\wordfence\\lib\\wfUtils.php","line":1475}

Sep 28 2026 05:11:09
{"type":2,"message":"dns_get_record(): DNS Query failed","file":"C:\\xampp\\htdocs\\diormedical\\wp-content\\plugins\\wordfence\\lib\\wfUtils.php","line":1475}

Sep 28 2026 05:11:11
{"type":2,"message":"dns_get_record(): DNS Query failed","file":"C:\\xampp\\htdocs\\diormedical\\wp-content\\plugins\\wordfence\\lib\\wfUtils.php","line":1475}

Sep 28 2026 05:11:14
{"type":2,"message":"dns_get_record(): DNS Query failed","file":"C:\\xampp\\htdocs\\diormedical\\wp-content\\plugins\\wordfence\\lib\\wfUtils.php","line":1475}

Sep 28 2026 05:11:16
{"type":2,"message":"dns_get_record(): DNS Query failed","file":"C:\\xampp\\htdocs\\diormedical\\wp-content\\plugins\\wordfence\\lib\\wfUtils.php","line":1475}

Sep 28 2026 05:11:18
{"type":2,"message":"dns_get_record(): DNS Query failed","file":"C:\\xampp\\htdocs\\diormedical\\wp-content\\plugins\\wordfence\\lib\\wfUtils.php","line":1475}

Sep 28 2026 05:11:20
{"type":2,"message":"dns_get_record(): DNS Query failed","file":"C:\\xampp\\htdocs\\diormedical\\wp-content\\plugins\\wordfence\\lib\\wfUtils.php","line":1475}

Sep 28 2026 05:11:22
{"type":2,"message":"dns_get_record(): DNS Query failed","file":"C:\\xampp\\htdocs\\diormedical\\wp-content\\plugins\\wordfence\\lib\\wfUtils.php","line":1475}

Sep 28 2026 05:11:24
{"type":2,"message":"dns_get_record(): DNS Query failed","file":"C:\\xampp\\htdocs\\diormedical\\wp-content\\plugins\\wordfence\\lib\\wfUtils.php","line":1475}

Sep 28 2026 05:11:26
{"type":2,"message":"dns_get_record(): DNS Query failed","file":"C:\\xampp\\htdocs\\diormedical\\wp-content\\plugins\\wordfence\\lib\\wfUtils.php","line":1475}

Sep 28 2026 05:11:29
{"type":2,"message":"dns_get_record(): DNS Query failed","file":"C:\\xampp\\htdocs\\diormedical\\wp-content\\plugins\\wordfence\\lib\\wfUtils.php","line":1475}

Sep 28 2026 05:11:31
{"type":2,"message":"dns_get_record(): DNS Query failed","file":"C:\\xampp\\htdocs\\diormedical\\wp-content\\plugins\\wordfence\\lib\\wfUtils.php","line":1475}

Sep 28 2026 05:11:33
{"type":2,"message":"dns_get_record(): DNS Query failed","file":"C:\\xampp\\htdocs\\diormedical\\wp-content\\plugins\\wordfence\\lib\\wfUtils.php","line":1475}

Sep 28 2026 05:11:35
{"type":2,"message":"dns_get_record(): DNS Query failed","file":"C:\\xampp\\htdocs\\diormedical\\wp-content\\plugins\\wordfence\\lib\\wfUtils.php","line":1475}

Sep 28 2026 05:11:37
{"type":2,"message":"dns_get_record(): DNS Query failed","file":"C:\\xampp\\htdocs\\diormedical\\wp-content\\plugins\\wordfence\\lib\\wfUtils.php","line":1475}

Sep 28 2026 05:11:39
{"type":2,"message":"dns_get_record(): DNS Query failed","file":"C:\\xampp\\htdocs\\diormedical\\wp-content\\plugins\\wordfence\\lib\\wfUtils.php","line":1475}

Sep 28 2026 05:11:42
{"type":2,"message":"dns_get_record(): DNS Query failed","file":"C:\\xampp\\htdocs\\diormedical\\wp-content\\plugins\\wordfence\\lib\\wfUtils.php","line":1475}

Sep 28 2026 05:11:45
{"type":2,"message":"dns_get_record(): DNS Query failed","file":"C:\\xampp\\htdocs\\diormedical\\wp-content\\plugins\\wordfence\\lib\\wfUtils.php","line":1475}

Sep 28 2026 05:11:47
{"type":2,"message":"dns_get_record(): DNS Query failed","file":"C:\\xampp\\htdocs\\diormedical\\wp-content\\plugins\\wordfence\\lib\\wfUtils.php","line":1475}

Sep 28 2026 05:11:50
{"type":2,"message":"dns_get_record(): DNS Query failed","file":"C:\\xampp\\htdocs\\diormedical\\wp-content\\plugins\\wordfence\\lib\\wfUtils.php","line":1475}

Sep 28 2026 05:11:57
{"type":2,"message":"dns_get_record(): DNS Query failed","file":"C:\\xampp\\htdocs\\diormedical\\wp-content\\plugins\\wordfence\\lib\\wfUtils.php","line":1475}

Sep 28 2026 05:11:59
{"type":2,"message":"dns_get_record(): DNS Query failed","file":"C:\\xampp\\htdocs\\diormedical\\wp-content\\plugins\\wordfence\\lib\\wfUtils.php","line":1475}

Sep 28 2026 05:12:11
{"type":2,"message":"dns_get_record(): DNS Query failed","file":"C:\\xampp\\htdocs\\diormedical\\wp-content\\plugins\\wordfence\\lib\\wfUtils.php","line":1475}

Sep 28 2026 05:12:23
{"type":2,"message":"dns_get_record(): DNS Query failed","file":"C:\\xampp\\htdocs\\diormedical\\wp-content\\plugins\\wordfence\\lib\\wfUtils.php","line":1475}

Sep 28 2026 05:12:36
{"type":2,"message":"dns_get_record(): DNS Query failed","file":"C:\\xampp\\htdocs\\diormedical\\wp-content\\plugins\\wordfence\\lib\\wfUtils.php","line":1475}

Sep 28 2026 05:12:50
{"type":2,"message":"dns_get_record(): DNS Query failed","file":"C:\\xampp\\htdocs\\diormedical\\wp-content\\plugins\\wordfence\\lib\\wfUtils.php","line":1475}

Sep 28 2026 05:12:54
{"type":2,"message":"dns_get_record(): DNS Query failed","file":"C:\\xampp\\htdocs\\diormedical\\wp-content\\plugins\\wordfence\\lib\\wfUtils.php","line":1475}

Sep 28 2026 05:12:57
{"type":2,"message":"dns_get_record(): DNS Query failed","file":"C:\\xampp\\htdocs\\diormedical\\wp-content\\plugins\\wordfence\\lib\\wfUtils.php","line":1475}

Sep 28 2026 05:12:59
{"Number":8192,"Message":"Creation of dynamic property Ai1wm_Database_Mysqli::$old_replace_raw_values is deprecated","File":"C:\\xampp\\htdocs\\diormedical\\wp-content\\plugins\\All-In-One-WP-Migration-Pro-master\\lib\\vendor\\servmask\\database\\class-ai1wm-database.php","Line":300}

Sep 28 2026 05:12:59
{"Number":8192,"Message":"Creation of dynamic property Ai1wm_Database_Mysqli::$new_replace_raw_values is deprecated","File":"C:\\xampp\\htdocs\\diormedical\\wp-content\\plugins\\All-In-One-WP-Migration-Pro-master\\lib\\vendor\\servmask\\database\\class-ai1wm-database.php","Line":321}

Sep 28 2026 05:13:09
{"type":2,"message":"dns_get_record(): DNS Query failed","file":"C:\\xampp\\htdocs\\diormedical\\wp-content\\plugins\\wordfence\\lib\\wfUtils.php","line":1475}

Sep 28 2026 05:13:09
{"Number":8192,"Message":"Creation of dynamic property Ai1wm_Database_Mysqli::$old_replace_raw_values is deprecated","File":"C:\\xampp\\htdocs\\diormedical\\wp-content\\plugins\\All-In-One-WP-Migration-Pro-master\\lib\\vendor\\servmask\\database\\class-ai1wm-database.php","Line":300}

Sep 28 2026 05:13:09
{"Number":8192,"Message":"Creation of dynamic property Ai1wm_Database_Mysqli::$new_replace_raw_values is deprecated","File":"C:\\xampp\\htdocs\\diormedical\\wp-content\\plugins\\All-In-One-WP-Migration-Pro-master\\lib\\vendor\\servmask\\database\\class-ai1wm-database.php","Line":321}

Sep 28 2026 05:13:20
{"type":8192,"message":"Return type of Ai1wm_Recursive_Newline_Filter::accept() should either be compatible with FilterIterator::accept(): bool, or the #[\\ReturnTypeWillChange] attribute should be used to temporarily suppress the notice","file":"C:\\xampp\\htdocs\\diormedical\\wp-content\\plugins\\All-In-One-WP-Migration-Pro-master\\lib\\vendor\\servmask\\filter\\class-ai1wm-recursive-newline-filter.php","line":28}

Sep 28 2026 05:13:20
{"Number":8192,"Message":"Creation of dynamic property Ai1wm_Database_Mysqli::$old_replace_raw_values is deprecated","File":"C:\\xampp\\htdocs\\diormedical\\wp-content\\plugins\\All-In-One-WP-Migration-Pro-master\\lib\\vendor\\servmask\\database\\class-ai1wm-database.php","Line":300}

Sep 28 2026 05:13:20
{"Number":8192,"Message":"Creation of dynamic property Ai1wm_Database_Mysqli::$new_replace_raw_values is deprecated","File":"C:\\xampp\\htdocs\\diormedical\\wp-content\\plugins\\All-In-One-WP-Migration-Pro-master\\lib\\vendor\\servmask\\database\\class-ai1wm-database.php","Line":321}

Sep 28 2026 05:13:30
{"type":8192,"message":"Return type of Ai1wm_Recursive_Newline_Filter::accept() should either be compatible with FilterIterator::accept(): bool, or the #[\\ReturnTypeWillChange] attribute should be used to temporarily suppress the notice","file":"C:\\xampp\\htdocs\\diormedical\\wp-content\\plugins\\All-In-One-WP-Migration-Pro-master\\lib\\vendor\\servmask\\filter\\class-ai1wm-recursive-newline-filter.php","line":28}

Sep 28 2026 05:13:30
{"Number":8192,"Message":"Creation of dynamic property Ai1wm_Database_Mysqli::$old_replace_raw_values is deprecated","File":"C:\\xampp\\htdocs\\diormedical\\wp-content\\plugins\\All-In-One-WP-Migration-Pro-master\\lib\\vendor\\servmask\\database\\class-ai1wm-database.php","Line":300}

Sep 28 2026 05:13:30
{"Number":8192,"Message":"Creation of dynamic property Ai1wm_Database_Mysqli::$new_replace_raw_values is deprecated","File":"C:\\xampp\\htdocs\\diormedical\\wp-content\\plugins\\All-In-One-WP-Migration-Pro-master\\lib\\vendor\\servmask\\database\\class-ai1wm-database.php","Line":321}

Sep 28 2026 05:13:34
{"type":8192,"message":"Return type of Ai1wm_Recursive_Newline_Filter::accept() should either be compatible with FilterIterator::accept(): bool, or the #[\\ReturnTypeWillChange] attribute should be used to temporarily suppress the notice","file":"C:\\xampp\\htdocs\\diormedical\\wp-content\\plugins\\All-In-One-WP-Migration-Pro-master\\lib\\vendor\\servmask\\filter\\class-ai1wm-recursive-newline-filter.php","line":28}

Sep 28 2026 05:13:35
{"type":8192,"message":"Return type of Ai1wm_Recursive_Newline_Filter::accept() should either be compatible with FilterIterator::accept(): bool, or the #[\\ReturnTypeWillChange] attribute should be used to temporarily suppress the notice","file":"C:\\xampp\\htdocs\\diormedical\\wp-content\\plugins\\All-In-One-WP-Migration-Pro-master\\lib\\vendor\\servmask\\filter\\class-ai1wm-recursive-newline-filter.php","line":28}

Sep 28 2026 05:13:40
{"type":2,"message":"dns_get_record(): DNS Query failed","file":"C:\\xampp\\htdocs\\diormedical\\wp-content\\plugins\\wordfence\\lib\\wfUtils.php","line":1475}

